Total Brain,Medial and inferior temporal gyri | Superior temporal gyrus left,Amygdala | Insula right,Medial and inferior temporal gyri left,Hippocampus | Amygdala right,Amygdala | Insula left,Hippocampus | Lateral occipitotemporal gyrus right,Medial and inferior temporal gyri left | Posterior temporal lobe left,Insula left ,Hippocampus | Gyri parahippocampalis et ambiens right,Superior temporal gyrus left
0.6763583,1.37E-06,0.73816013,9.59E-06,0.35589036,0.9348802,0.27161187,0.003671028,0.99944013,0.85193485,0.001254212
0.000303904,1.29E-06,3.40E-05,4.31E-06,6.92E-06,0.001395962,0.12929855,0.002814539,1.24E-08,0.34241197,5.23E-09
2.07E-09,0.016574226,8.14E-07,1.55E-10,2.56E-08,3.33E-06,1.30E-05,0.001952851,5.28E-13,0.006247438,4.91E-05
0.99999774,0.99995553,0.99999094,0.99987185,0.9999976,1,0.99999833,0.23628114,1,0.9996729,0.99873847
1.09E-08,3.99E-10,0.5744355,0.41846007,1.24E-06,1.42E-05,2.29E-05,0.000174316,1.18E-05,4.36E-07,9.99E-08
0.9999994,0.999948,0.99999905,0.9999982,1,0.99995995,0.9999887,0.9703756,1,0.99999547,0.9999918
2.12E-07,3.32E-07,1.50E-06,4.53E-07,2.49E-08,5.70E-06,1.72E-07,0.081630394,7.69E-08,0.000201664,2.32E-07
0.99999464,0.9962924,0.053395133,0.9999465,0.99998784,3.49E-05,0.99995255,0.8754548,0.9997335,0.9999846,1
0.9999871,5.93E-06,0.9992539,1,0.9999001,0.001801392,0.99999714,0.9744202,0.001364309,0.9999968,0.9999999
0.14785156,0.003972428,0.000113942,0.99863786,0.002387844,0.027925331,0.007435417,0.001219409,0.99991226,0.000197696,4.24E-06
7.84E-08,5.37E-08,2.14E-08,7.70E-05,2.12E-09,1.01E-06,2.60E-06,0.006177578,6.58E-09,9.41E-08,8.38E-08
0.024978358,0.99451786,1.78E-05,0.000849021,1.40E-05,0.000458783,0.07011678,0.00051123,0.9999982,0.99998343,0.046144012
1.91E-06,1.64E-07,0.000988529,0.046650987,2.40E-06,0.000153234,0.000505164,0.000235285,3.74E-09,0.001140739,1.18E-06
5.73E-07,1.90E-07,9.30E-06,2.63E-10,0.000242504,1.10E-06,0.9894549,0.003203825,1.62E-08,1.71E-06,3.40E-06
8.36E-06,3.05E-09,6.87E-05,0.000418556,9.11E-07,2.24E-06,3.95E-05,0.000358151,8.16E-10,0.18275529,3.06E-06
2.23E-08,4.12E-09,6.11E-05,0.011680396,1.38E-07,0.000218314,5.98E-05,0.000473868,4.70E-14,3.06E-05,2.82E-09
0.99995184,0.8720016,0.9979943,0.99198735,0.99998105,0.7152962,0.7384564,0.9988165,0.99144846,0.003628221,0.23973292
9.84E-09,1.07E-08,0.00023142,5.91E-15,8.70E-05,0.000130853,2.97E-05,0.007230416,5.26E-07,1.39E-05,9.47E-06
1.16E-05,7.20E-11,4.56E-05,5.72E-12,3.41E-05,4.91E-05,1.02E-05,7.99E-05,8.21E-06,3.11E-07,2.67E-07
6.75E-06,1.50E-08,8.81E-05,9.09E-07,2.57E-06,0.040084396,0.000749246,1.54E-05,2.80E-06,3.73E-07,9.02E-06
1,0.9999933,0.99999475,1,0.9999993,0.9997776,0.9944254,0.9124669,0.99212307,0.9999945,0.9948138
8.63E-07,4.51E-05,1.62E-05,2.98E-05,3.99E-08,0.000210196,2.73E-05,0.24427441,2.62E-07,2.95E-05,0.000594237
1.04E-06,1.95E-06,0.006112292,5.44E-06,3.03E-06,0.18700074,0.035512038,0.000440168,0.005953561,4.41E-05,0.6369572
0.9999893,0.9819733,0.9999931,0.999171,0.99982697,1,0.9999963,0.55447954,1,0.9999989,0.99999785
1.32E-07,6.63E-12,7.63E-07,2.24E-07,0.00057576,8.50E-07,4.57E-05,0.001205794,6.42E-10,6.88E-06,5.81E-08
0.69071466,0.9999572,0.005969359,0.9984072,0.99858874,0.004719897,0.9991398,0.9972314,0.56373554,0.3906908,0.02432018
1,0.9999999,0.9982486,0.9999999,0.99999774,1,0.9996679,0.998575,1,0.99969876,0.000334775
5.61E-08,4.08E-08,1.71E-05,3.45E-07,5.77E-08,7.89E-05,0.000294832,0.000116423,7.20E-09,1.21E-07,2.55E-07
0.9853698,2.05E-06,0.99991155,0.011802715,9.68E-05,0.7465934,0.017604414,0.005950908,0.003918477,0.018859966,0.000159268
4.45E-08,1.20E-09,0.020062104,8.34E-08,0.000383736,4.67E-06,4.61E-06,7.20E-06,6.30E-13,3.07E-06,9.36E-07
1.01E-08,6.40E-08,2.74E-07,1.78E-07,7.78E-05,3.02E-06,2.68E-05,0.000371099,3.20E-12,1.32E-06,2.45E-07
0.000125603,4.96E-05,0.99774903,0.19826742,0.031041205,7.04E-05,0.17957321,0.5907377,3.48E-08,0.44904694,0.000432047
5.87E-06,5.33E-08,1.96E-07,6.61E-05,1.48E-05,0.01988649,0.000207806,1.05E-05,1.93E-06,0.000216271,2.21E-05
1.43E-07,2.00E-07,1.63E-05,0.00076417,2.06E-05,2.36E-05,1.03E-05,0.000648774,4.56E-12,1.30E-06,3.81E-07
0.99999547,0.7844339,0.9997913,0.9999987,0.9999999,0.9999441,0.99996924,0.9971294,1,0.999908,0.9997714
0.9999838,0.99945265,0.9999994,2.19E-05,0.9999999,0.13646486,0.99931026,0.91666645,0.001037319,0.4592334,0.9999999
6.27E-07,0.9426057,0.005107009,0.000168038,2.71E-05,0.001083394,3.41E-05,0.008734606,6.01E-07,2.84E-05,8.29E-07
0.36338824,2.53E-11,0.00059111,3.93E-08,5.70E-05,5.59E-06,0.051967327,0.000101166,2.22E-06,0.004554726,6.71E-08
1.02E-05,9.56E-07,3.06E-07,0.000153335,8.40E-06,8.62E-08,0.000106934,0.000275154,1.23E-09,4.22E-06,1.29E-09
2.85E-09,3.98E-05,3.29E-07,2.33E-09,1.51E-06,8.32E-08,1.63E-06,0.000729518,1.03E-09,0.000308874,4.62E-07
5.38E-11,9.32E-08,4.82E-06,1.28E-07,0.02447596,0.000102584,2.89E-07,1.07E-05,1.14E-08,1.78E-06,1.34E-10
1.16E-05,0.004435803,6.91E-06,0.18649638,2.11E-10,0.001017876,3.75E-05,0.4228657,4.21E-06,3.21E-08,4.14E-06
2.03E-05,3.16E-05,0.9999471,0.9538183,0.9017782,0.99999726,0.99964464,0.9939634,0.99300134,0.01203798,0.010988455
0.9984137,2.03E-10,0.002646477,0.002863193,0.73578525,0.5974465,0.00324474,6.31E-06,0.001474906,8.64E-05,3.16E-06
3.51E-08,2.50E-07,1.03E-05,5.05E-11,3.95E-06,4.82E-08,3.84E-06,4.63E-06,9.49E-12,3.54E-08,1.31E-11
0.9392172,0.9995983,0.022662792,0.000331528,0.994177,0.99760807,0.15340044,0.77805626,4.01E-06,0.00053368,0.9902846
1.11E-06,2.94E-07,1.02E-06,6.57E-06,6.21E-05,2.89E-06,2.58E-05,0.19553918,1.69E-09,0.00019181,1.59E-05
0.24613455,0.001348631,9.11E-06,0.9888283,0.9921895,0.38401794,0.000150931,0.000840333,8.60E-07,0.12657434,1.12E-05
0.9999999,2.36E-05,0.98723197,0.10903868,0.9999912,0.99984145,0.9999826,0.006291866,0.99793965,0.99999523,0.9993513
0.9999999,0.21097687,0.9999963,0.99992394,0.9999534,0.9999993,0.99981314,0.9980217,0.9999639,0.9996171,0.8824725
4.93E-06,4.79E-05,0.9753587,0.9999944,0.9999933,0.3002901,0.063027486,0.060651183,0.002326632,0.016796667,3.09E-05
1.45E-06,6.39E-05,0.9830707,0.9999988,2.24E-07,0.000529278,1.41E-06,0.002406514,1.90E-05,0.0009571,8.28E-08
2.07E-10,6.06E-08,0.000194727,3.47E-06,8.36E-06,3.06E-05,7.27E-06,8.67E-07,1.04E-09,3.69E-10,2.04E-11
1.63E-09,1.11E-09,2.41E-08,4.87E-06,5.64E-10,8.98E-06,4.08E-05,6.10E-05,3.43E-11,8.43E-06,3.03E-09
1.90E-07,6.71E-06,0.07634003,3.37E-09,8.09E-08,0.000165584,7.35E-06,6.25E-05,4.01E-10,7.07E-07,5.67E-09
0.40694433,0.9999995,0.001041027,0.59193593,0.042302106,0.22447038,0.9933176,0.99809533,0.99779874,0.2275436,0.9999999
4.40E-08,0.28412896,6.46E-06,0.007859012,8.45E-07,5.19E-05,6.41E-06,0.00507935,7.94E-08,2.04E-09,4.60E-05
0.9366722,0.9999999,0.4092353,0.96608067,0.99997747,0.13004076,0.9821453,0.9996561,0.99997914,0.99995327,0.9976672
1.76E-06,0.90727586,5.33E-06,4.93E-06,9.39E-05,5.71E-07,0.000515043,0.000628169,8.49E-10,1.79E-07,0.99999964
1.40E-05,0.000986298,0.002658092,0.00023194,9.81E-06,5.55E-05,0.003941745,0.004660385,1.84E-08,1.16E-06,0.005071938
0.9997495,0.9999999,0.99999964,2.24E-06,1,0.9994671,0.9976544,0.3814555,0.96680874,0.6150669,0.9986255
3.08E-06,3.02E-05,8.27E-05,1.80E-05,1.59E-09,0.07622214,0.000265358,0.00537164,7.16E-11,9.75E-08,4.58E-07
6.29E-07,3.80E-10,3.50E-05,2.64E-05,0.002042076,0.001377313,6.94E-05,0.000118045,7.45E-08,1.12E-08,3.63E-09
2.67E-07,0.033529114,1.58E-05,4.07E-06,5.47E-06,4.30E-06,1.77E-05,0.013951814,9.46E-11,1.70E-08,4.15E-05
2.21E-08,4.69E-09,8.58E-06,3.65E-07,0.000894244,3.02E-05,0.009500738,0.000940692,6.61E-08,2.92E-08,3.43E-07
7.40E-05,1.72E-06,5.16E-05,0.6749845,0.14048931,0.9999893,4.08E-05,0.000100647,1.34E-07,0.00279987,0.001227415
0.99999905,0.9998393,0.9999685,0.9997615,0.9999999,0.9999199,0.9988732,0.48421374,1,0.99990785,0.9999993
0.9999498,0.9999764,0.9999908,1,0.99694115,0.9999722,0.999602,0.9944161,0.99999034,0.9996762,0.99999714
0.99999607,0.9995441,0.99997723,0.99979967,1,0.9999969,0.9997696,0.02542321,0.99999857,0.9999969,0.9997774
0.97703344,0.69056374,0.99998975,0.99998546,0.99999976,0.99999356,0.9987204,0.89753354,0.99496484,1.51E-05,1
0.00026143,0.000238359,0.000756808,0.5656994,0.88253915,0.002015662,0.9789241,0.003973889,4.20E-08,0.010358172,2.12E-08
0.7809152,1,0.9614445,0.12509042,0.9736473,0.998686,0.99975735,0.99973065,0.99998534,0.86896044,0.9580193
0.000390243,0.98931026,0.9986022,2.21E-06,0.9992061,0.000108761,0.11897979,0.001274978,0.9996792,0.04979447,0.001503152
0.99999976,0.9999975,0.001144739,0.99942076,2.10E-05,0.9997243,0.6004313,0.9968088,0.98516536,0.96075416,1.57E-05
1.11E-07,0.012575821,0.000155569,0.63671076,4.19E-06,1.12E-05,0.000289419,0.16492848,6.59E-09,8.34E-05,2.55E-07
8.18E-09,6.53E-13,2.51E-08,1.79E-08,2.20E-10,1.91E-06,5.44E-07,9.15E-07,1.47E-09,3.04E-08,1.58E-09
6.11E-07,0.000631668,0.002809676,0.000486918,7.41E-07,3.57E-05,0.000166036,0.000592504,5.09E-05,1.18E-06,7.20E-07
0.7428575,1,0.99993134,0.01941097,0.99996936,1.73E-18,0.11375568,0.9999032,1,0.002038397,0.99385697
0.5120339,0.000261582,0.9999914,2.27E-06,0.9996245,0.99999607,0.57023764,0.002705433,0.4572139,0.9996946,3.73E-05
7.83E-08,0.1910017,0.001730737,1,1.57E-05,0.000145352,0.01632682,0.045828477,2.23E-06,1.74E-05,0.000749851
0.000710838,0.99999976,0.001051287,0.99977154,7.99E-09,0.9999026,7.18E-05,0.9852845,0.9964259,0.000486974,0.44056177
0.9972367,0.024661,0.9968215,1,0.067293696,0.99951386,0.9685145,0.94686836,0.19134302,0.9995472,0.99999976
0.9999989,0.13590287,0.9994161,0.99994516,1,0.99996436,0.99999845,0.4288083,0.9999993,0.9967675,0.9999975
0.99995136,2.18E-08,0.999998,0.99996984,0.9999999,0.99999046,0.999882,0.000741242,0.9998795,0.99998367,0.9999896
0.001095342,0.08331202,0.000195625,0.99979097,3.56E-05,0.45781115,0.06263512,0.03672796,0.98332953,2.87E-09,0.89775014
3.76E-10,2.04E-08,0.000799001,1.03E-08,0.025732381,0.9998648,0.002470344,7.32E-05,0.95670986,3.67E-06,1.74E-07
0.99857795,0.003930941,0.9631277,0.30675754,0.99999714,0.9686887,0.9997013,0.98504144,0.001344995,0.99993134,1
0.9999999,1,0.99999917,1,1,1,0.9999951,0.991168,1,0.99982774,0.99999964
0.99379575,0.99997187,0.13827625,1.11E-06,0.99999845,2.09E-05,0.013752827,0.9548539,0.006852099,0.00374161,2.96E-05
2.14E-05,0.000240904,1.30E-06,0.000211502,2.14E-09,5.83E-08,0.000673244,0.0244926,3.05E-12,6.31E-05,3.71E-07
1.82E-05,3.07E-08,0.06272058,8.78E-11,0.9999943,0.24252893,0.43609416,0.13141198,3.02E-11,1.02E-05,3.96E-07
1.04E-05,0.6736962,8.97E-06,7.64E-11,1.12E-08,7.05E-06,2.82E-05,0.13548167,6.51E-05,2.84E-05,6.78E-06
1.44E-06,4.35E-07,0.000460654,0.64949846,2.42E-07,0.001896971,6.33E-05,0.000439915,6.92E-08,4.17E-09,2.90E-08
0.9999994,7.71E-08,0.9989066,1.06E-06,0.9954485,0.9999999,0.99647826,0.79944056,1,0.9999964,0.7621533
0.99999976,0.9999063,0.98328364,0.99999976,0.99999976,0.99999833,0.9999888,0.999493,0.9999995,0.99994135,1
3.76E-06,7.60E-05,0.19064242,3.04E-05,0.36138728,0.003561052,0.19821624,0.001344286,0.9999919,0.9953615,5.02E-05
0.9315767,0.9996247,0.9978344,0.000300759,0.00021443,0.000566247,0.9979372,0.023327889,9.86E-06,0.004995895,1.43E-05
5.98E-09,1.02E-05,0.001871331,2.73E-10,0.005300866,2.40E-06,0.000224142,0.000172658,2.30E-12,4.46E-08,1.61E-05
1.72E-08,0.000188053,7.14E-07,2.97E-08,1.51E-07,4.81E-08,2.78E-05,0.001057512,2.85E-13,2.33E-07,4.60E-07
0.9988121,9.28E-07,0.6865852,0.000937818,0.000139689,0.8913917,0.92863375,5.06E-05,0.002206858,0.9998529,0.566704
2.20E-06,0.000138551,1.28E-06,0.004220978,0.09201425,0.00025888,0.015653947,0.07480746,0.21085383,3.91E-07,1.82E-07
9.38E-06,4.05E-09,7.37E-06,1.45E-06,4.12E-07,6.20E-05,4.25E-06,0.028386563,1.57E-09,3.63E-09,6.98E-09
0.99999964,0.9990834,0.9998235,0.014629322,0.9999958,1,0.99932706,0.9887523,1,0.31968582,1
0.944621,0.9984875,0.014034658,0.99999905,0.99787545,0.9803012,0.99921465,0.94707394,0.13369459,0.2441318,6.92E-08
0.003691516,1.15E-09,0.9999831,8.20E-07,0.00683346,0.000170201,0.82321995,0.010448803,6.94E-07,0.99956983,0.99998486
0.9996698,0.88572973,0.30416927,0.9998111,0.9826737,0.009107899,0.000576996,0.7079498,0.000195172,0.99959666,0.9999945
0.21944444,9.31E-07,0.9995684,1.01E-06,0.91049135,0.00469866,0.9878498,0.000160863,4.01E-05,0.9996915,3.11E-05
4.47E-05,0.009676516,0.8257014,2.06E-08,0.99999833,0.000611029,0.48793218,0.021083867,0.3226591,0.001862208,0.9998621
2.18E-06,0.99999595,0.8980724,0.24982595,0.809707,0.009943255,0.015451564,0.3939065,0.66792226,0.032842737,0.000311961
0.9999999,0.9972983,0.9999794,0.9999914,0.9999999,0.9999956,0.9999559,0.75583124,0.99440694,0.9971687,1
2.99E-05,1.17E-09,0.009860698,3.63E-08,0.000635906,5.65E-05,2.94E-05,0.000135298,2.04E-07,0.99965477,0.000125609
0.92999256,0.41713905,0.009695863,8.75E-06,0.000764733,0.000232715,0.000875015,0.532085,0.000123531,0.7524222,0.001353227
0.002030182,0.9998455,0.000576098,0.99908066,0.9991787,0.00159382,0.001145085,0.038294308,6.58E-07,0.13462009,0.00029263
6.75E-07,0.9996575,2.36E-05,0.915426,2.50E-06,4.17E-07,0.003086631,0.005934944,1.24E-08,3.44E-05,1.41E-08
1.86E-07,1.19E-08,0.211269,0.042152002,0.15002988,0.17841998,0.99937385,0.000614458,0.0895015,1.81E-07,5.13E-05
2.06E-06,7.14E-09,2.86E-06,1.07E-06,6.25E-05,1.29E-07,4.19E-05,4.60E-06,4.76E-09,5.70E-08,5.21E-08
0.9999999,0.99978656,0.9589292,1,0.022867233,0.9999895,0.17679864,0.7202463,0.9995303,0.99999833,0.9999291
3.24E-07,1.60E-13,0.000248277,1.88E-10,1.99E-06,0.027910216,1.66E-05,7.76E-07,2.02E-06,1.71E-08,1.21E-05
0.99999964,0.99994135,0.033609092,0.999998,0.7569592,0.9999999,0.94967765,0.93563294,0.9999995,0.9998752,0.99934536
0.99999976,0.9999894,0.99603736,0.9998827,0.9755182,0.9999995,0.99986637,0.568129,1,0.99999464,1
0.99998415,0.9999987,0.99999976,0.99948514,1,1,0.9999993,0.9275869,1,0.9999956,0.99996495
8.34E-08,0.000481115,1.96E-07,0.9999995,1.27E-08,0.00018228,0.21750852,0.000781159,1.28E-06,1.86E-06,5.47E-08
8.69E-06,0.07697928,0.98069394,9.15E-07,8.42E-05,0.37971702,0.9982286,0.000711107,1.10E-08,0.003895852,1.30E-05
0.99999857,0.98643935,0.8255679,0.9439193,0.6807754,0.999411,0.9987668,0.5423756,0.9999995,0.5188977,0.9999505
5.35E-08,3.56E-06,0.23585665,1.73E-07,9.23E-06,1.65E-05,0.000130541,0.00037715,8.73E-10,8.92E-06,1.23E-08
2.51E-05,4.50E-05,0.15900007,1.04E-07,3.49E-05,0.99316037,0.000359066,5.93E-05,0.9998354,2.12E-06,8.92E-05
0.9999875,0.99983406,0.99999857,0.9995105,0.9999975,1,0.924938,0.016528372,0.9999995,0.99999857,1
2.42E-08,1.35E-05,2.80E-05,1.18E-08,5.31E-06,2.32E-05,4.09E-05,0.002790161,3.67E-11,0.14941867,4.59E-07
0.9999751,0.99998987,0.53608733,0.9339558,0.9590411,0.999956,0.8462071,0.36544266,0.9085222,0.998009,0.000747281
2.07E-07,4.91E-09,1.09E-06,2.85E-14,2.55E-07,0.00047292,1.50E-05,6.98E-05,1.44E-05,2.20E-06,1.13E-05
0.999997,1,0.9999795,0.99978715,0.99999845,0.99998546,0.9996674,0.99846965,0.9998667,0.9999777,0.99999547
0.99997425,0.97277564,0.8561762,0.9999975,0.9999695,0.99999905,0.009925883,0.001291054,1,0.9999981,1
5.41E-05,0.000523024,0.001302936,0.9999232,2.39E-07,1.99E-05,0.038751937,0.000196875,2.04E-05,0.000218297,1.31E-06
0.9999989,0.99999774,0.9999865,1,0.999895,1,0.99997556,0.9982267,0.9987619,0.99998665,0.99982506
1.08E-07,2.85E-06,0.002532748,0.092236616,0.018477606,0.00281423,6.88E-06,0.017804673,0.35416985,6.73E-08,1.33E-07
9.00E-10,5.33E-09,1.07E-06,1.06E-06,6.23E-06,9.55E-05,4.49E-05,0.000207781,1.15E-09,1.47E-07,1.49E-07
0.995059,0.98930615,0.9562013,0.9999949,0.99999607,0.9999615,0.000733262,0.06443416,1,0.99955887,0.99997437
1,0.99958426,0.75391585,0.9999149,0.9999958,0.99127835,0.9958884,0.6470142,0.9987011,0.99878424,1
1.50E-10,0.12632687,3.25E-06,2.14E-05,2.61E-06,7.12E-07,0.000111666,0.015413663,3.78E-11,1.34E-12,6.82E-10
0.86438966,0.00214115,0.39292642,0.9999666,0.99999917,0.000406795,0.9998776,0.32539856,1.70E-06,1.98E-05,0.005661417
5.58E-08,0.007701796,0.001305898,0.001922116,0.14962254,1.22E-05,6.49E-05,0.00083992,2.94E-10,0.000124045,6.53E-07
3.59E-10,1.87E-05,2.15E-05,3.74E-08,0.13262545,1.58E-05,2.01E-06,0.001651259,2.19E-08,3.41E-08,0.000106647
0.47127476,0.9987269,8.85E-05,2.51E-06,4.19E-05,0.012147525,0.39421454,0.64014864,0.044374634,4.87E-05,9.72E-05
1.80E-05,0.009181028,0.05055969,0.003664055,2.48E-07,0.001550924,0.000110152,0.32945934,2.22E-09,7.09E-08,3.50E-08
0.004650698,0.9999969,0.9999981,1,0.000152366,0.999949,0.99766374,0.7528377,1,0.9998597,1.46E-05
9.11E-07,0.000469277,0.99920434,2.87E-05,0.99999976,0.17178461,0.010959101,0.002446037,0.99999213,0.029272351,1.06E-08
0.9999864,0.9887987,0.82351094,1,0.99999964,0.9999987,0.9999639,0.99833834,0.9999889,0.9999821,0.99999976
0.9998518,2.80E-07,0.99999404,0.99479735,0.9999949,0.9998715,0.71177447,9.88E-06,1.01E-05,4.74E-05,0.9999299
5.76E-07,0.005614361,3.77E-06,0.007371616,6.93E-08,4.42E-06,0.000200306,0.008229171,0.040715557,0.018945346,2.67E-06
1.31E-07,0.99534976,0.000190748,2.03E-06,1.22E-06,0.000658781,0.3889086,0.2245054,1.67E-08,3.25E-06,2.02E-09
2.43E-08,2.48E-09,3.38E-07,7.81E-11,2.67E-07,1.22E-05,1.54E-06,8.66E-06,4.34E-08,3.24E-08,1.65E-07
6.71E-08,0.000648687,6.02E-06,3.34E-08,4.25E-08,1.55E-05,4.34E-05,0.034017816,2.39E-05,1.28E-05,3.84E-05
1,0.9975479,0.99998736,1,0.9999981,1,0.9999398,0.99909496,0.9999999,0.99839264,1
0.9999846,0.9999492,0.9999087,0.93374187,0.99995184,0.004740705,0.999979,0.98126596,0.99995625,0.99999976,0.9999201
6.18E-06,3.19E-05,7.01E-06,0.006758593,7.92E-07,0.000112956,0.002764593,2.87E-10,7.95E-07,0.007379443,0.003146748
0.000149781,0.98841476,0.001403515,0.06273587,0.9998356,0.5213576,0.9994666,2.87E-09,0.0093428,0.9960763,0.9578991
6.26E-05,0.9067542,0.00398483,0.13161972,4.29E-05,7.07E-05,0.002673496,1.12E-06,0.003241947,0.11693629,4.16E-05
0.83784676,0.99417275,0.000470397,0.9758075,3.22E-08,0.694733,0.000148669,0.9999993,6.91E-05,0.35747457,0.007686909
0.9879731,0.9975204,0.9995372,0.5712354,1,0.99998343,0.901948,0.9977678,0.9044851,0.9995377,0.99994373
9.10E-06,0.99865305,2.28E-07,0.977276,9.87E-09,0.00064207,0.000805856,0.03099231,0.060253266,0.000183609,0.005049538
2.66E-05,0.39584655,2.30E-05,0.001503657,8.38E-08,0.00107411,2.92E-07,2.21E-08,0.000180088,0.000537151,4.81E-05
0.000412083,0.94937575,0.94285774,0.97203135,0.99922943,0.006678168,0.36156034,0.9999912,0.99390805,0.27984923,0.15928279
0.000406076,0.006443104,2.60E-06,0.001396432,6.69E-09,0.000142742,1.52E-07,5.73E-08,5.44E-07,0.000732074,0.005776403
5.14E-07,0.000164905,2.31E-07,0.005414403,8.41E-10,1.20E-05,5.89E-09,2.25E-09,0.00023198,2.77E-05,8.89E-08
0.98154837,0.99328244,0.11956955,0.82577395,0.11340113,0.3324213,0.10386563,0.9999999,0.7197353,0.99978083,0.99999225
0.059355304,0.99240583,9.49E-05,0.27747688,1.44E-07,0.9469476,0.969234,0.9999726,0.038878527,0.06691358,5.16E-06
1.16E-06,0.5851329,1.74E-07,0.01883021,1.09E-07,0.000174024,0.000239126,0.011960614,8.50E-07,0.000235631,2.18E-06
1.72E-06,0.000481823,2.02E-07,0.011261953,1.11E-08,4.52E-07,1.47E-07,1.66E-13,4.51E-08,0.000135479,0.000165679
7.20E-06,0.6730247,1.55E-06,0.039279215,1.43E-09,0.29426795,0.000883759,1.09E-05,9.64E-05,0.026834697,2.73E-06
4.91E-05,0.053377036,5.30E-07,0.004954468,0.033935763,0.83114463,4.79E-05,0.20070465,0.000183911,0.000610186,0.020668205
6.50E-06,0.003398819,3.30E-07,0.008361588,1.84E-12,3.01E-05,4.17E-08,0.78148335,3.17E-06,9.79E-06,2.06E-05
6.38E-06,0.000706878,4.85E-09,0.000364886,4.81E-07,3.63E-06,2.67E-07,3.62E-09,2.13E-08,0.000295944,2.48E-05
2.27E-05,0.000181707,0.000211577,0.002010241,5.10E-06,0.001310762,1.06E-06,9.12E-08,1.37E-05,0.043058082,1.92E-06
5.77E-06,0.000986184,6.26E-06,0.001262557,3.15E-05,4.69E-05,6.44E-08,5.60E-05,1.65E-06,0.000116076,6.31E-06
3.99E-06,0.000610434,2.21E-05,0.000144017,0.000419903,0.000395375,0.000213488,3.78E-05,1.45E-06,0.003540323,0.003310811
0.000101951,0.004190673,1.92E-06,0.97544724,5.86E-06,0.003094547,0.05188508,8.84E-06,1.08E-05,0.0666163,7.79E-05
1.10E-05,0.003841033,5.65E-06,0.67969435,1.18E-07,0.000383139,0.00030407,4.12E-07,0.000447135,0.00566219,1.31E-08
0.99994636,0.64030236,0.99998,0.86611277,0.99999976,0.9997681,1,0.99999166,0.9992524,0.999076,0.99862003
0.9620249,0.11203364,0.9770537,0.874492,3.02E-10,0.32857743,0.011409935,0.4170844,0.45127794,0.002188657,4.70E-05
0.97077495,0.85910696,0.95481884,0.080977246,1.61E-05,0.009821891,0.86492693,3.96E-05,0.95339936,0.9985728,0.99999726
2.84E-05,0.010691579,0.001258551,0.000270097,0.118822984,0.001581303,7.69E-10,1.99E-07,4.60E-07,0.01508823,0.00012444
0.9999651,0.9991788,0.99992096,0.842546,0.9999999,0.9998983,0.9999999,0.9999994,0.99999344,0.99991286,0.9999205
8.37E-06,0.99324423,0.000260617,0.1690462,0.018824253,0.8687678,0.024826607,0.99849355,0.8966329,0.000398287,0.028678305
0.000110963,0.035111513,0.9999993,0.074732326,0.9998977,0.9767386,0.99998105,0.9962819,0.99983144,0.9530133,0.003065972
0.53987014,0.004714953,0.99998605,0.025898427,0.99997723,0.9992643,0.8019534,0.99952507,0.908026,0.0009255,5.07E-05
8.09E-07,0.000365536,1.30E-06,0.051659465,8.50E-10,7.20E-06,1.49E-09,3.19E-08,9.04E-08,5.76E-05,0.000378244
1.19E-08,0.004439631,5.46E-07,0.000359886,8.96E-12,2.72E-05,1.39E-06,2.12E-06,7.68E-08,0.054326687,1.50E-06
0.9309756,0.99100024,0.000270786,0.6913244,6.91E-06,5.40E-05,0.002823522,0.9998234,0.000541638,0.9863375,0.9998568
0.6724227,0.9895571,0.9980585,0.47140667,0.84772855,0.9781487,0.80018866,0.9999993,0.99999356,0.99585176,0.99999845
0.9830468,0.9996823,0.000506592,0.99529266,3.44E-06,0.9300343,0.9999999,0.9999999,0.99334985,0.99980015,0.99940026
3.33E-07,0.020622656,0.000195802,0.001096414,2.79E-08,0.000255439,6.62E-07,2.07E-06,0.000364845,0.000529517,1.11E-08
0.99908984,0.14878935,0.832628,0.15698701,1,0.93308085,0.9999622,4.83E-06,0.9239998,0.9990128,0.99999785
7.54E-06,8.00E-06,2.37E-06,0.003265926,7.73E-08,3.66E-05,8.88E-07,8.02E-08,8.37E-06,0.000133833,1.10E-06
0.007312107,0.98868203,0.003279795,0.4957688,1.39E-07,0.03593292,0.000288853,2.48E-06,4.15E-05,0.59431046,0.62087154
3.76E-05,0.8859382,0.9937571,0.9595657,1.20E-05,0.05174381,0.042048324,0.79179704,0.000765804,0.022121761,7.47E-07
5.67E-06,0.000384651,7.12E-05,0.38910928,1.58E-08,2.91E-05,0.00072983,2.86E-09,0.000109753,0.3462271,5.35E-06
0.9943546,0.99869967,0.99999976,0.9910629,0.46895579,0.9985033,0.9168027,0.99999917,0.9998846,0.9999006,0.9919837
0.8623019,0.99923694,0.9998369,0.9899658,1,0.9938158,0.99998486,0.99999714,0.001882038,0.31130353,0.9999999
0.99984,0.9997552,0.60497916,0.98681253,0.000900415,0.99649674,0.07819355,1,0.999933,0.9999968,0.99989223
0.000932186,5.16E-05,2.45E-06,0.005727743,1.06E-09,0.000170301,2.37E-05,1.18E-10,1.58E-05,0.05953847,0.000104476
8.08E-06,0.006643605,3.07E-07,0.006799698,3.25E-05,6.24E-05,0.000125461,4.17E-07,6.24E-07,5.81E-05,1.79E-05
1.41E-06,0.000338375,0.000830085,8.70E-05,6.21E-07,0.001511084,6.27E-06,6.78E-11,4.11E-06,0.000159785,1.24E-07
0.99917334,0.9982439,0.99999964,0.9982697,1,0.99376655,0.9999939,0.9999726,0.9983474,0.024138784,0.9999603
3.32E-06,0.000127278,3.61E-08,0.001172499,1.37E-12,9.87E-06,4.44E-06,2.43E-11,4.36E-08,8.17E-05,4.52E-07
8.10E-05,0.018034989,5.54E-06,0.06258296,4.64E-11,0.000193124,0.00340269,0.087072946,9.92E-06,0.001455986,3.35E-05
5.38E-06,0.000861548,5.84E-05,0.013411165,6.27E-11,0.000325777,0.001107395,1.95E-05,1.44E-07,0.000328561,8.23E-06
0.79483205,0.8943386,0.74766827,0.001545255,0.876799,0.9931074,1,3.24E-09,0.7274689,0.99954647,0.99734604
0.9988047,0.9915794,0.999984,0.90389574,0.99999833,0.9597789,1,0.9488784,0.9999908,0.998494,0.999225
1.66E-06,0.049455535,0.005223995,0.2298542,6.48E-10,7.05E-05,0.000135081,0.00054554,2.79E-06,0.000279142,3.93E-07
0.99898463,0.915998,0.95397335,0.07179897,0.9991721,0.99955314,0.9999763,0.9999472,0.99988365,0.99577737,0.9999975
0.08171797,0.9980679,4.86E-07,0.99474144,0.9999591,0.015649987,0.99970144,0.9976688,0.960741,0.00990242,0.99994373
3.48E-06,0.000871775,2.75E-07,0.006734896,7.83E-08,1.17E-05,8.34E-06,0.43770355,0.001074008,0.000187458,0.000299131
1.79E-05,0.7351483,0.9203917,0.28456283,4.95E-06,0.000263055,0.000576095,1.19E-08,0.000682394,0.000566492,4.87E-06
0.9991911,0.9851928,1,0.8802389,1,0.999087,0.99999964,0.99999774,0.99999475,0.9999881,0.9999814
8.11E-06,0.20408145,0.9794484,0.042169593,1.93E-06,0.01638634,0.026740173,1.41E-06,0.002744012,0.000612655,2.23E-06
1.97E-06,0.001328864,3.12E-08,0.00052085,7.13E-08,1.90E-05,3.74E-05,4.48E-08,5.63E-08,4.49E-05,0.00039242
0.999757,0.99960905,0.81330574,0.99114215,0.913343,0.99778444,0.99986553,0.99993646,0.9999813,0.9997209,0.9999777
0.021897506,0.9974226,0.9004755,0.90106213,0.000949445,0.53372097,9.33E-06,0.99989974,0.78476727,0.22290847,0.999944
0.026992219,0.6943727,5.90E-06,0.18792702,3.05E-08,0.000340492,0.026612926,0.021827066,0.86463195,0.5632097,0.3803265
0.002319336,0.004654054,3.65E-07,0.06518826,1.25E-09,0.000267966,8.83E-05,5.78E-10,0.000100851,0.00097344,0.40284333
0.87586796,0.9999229,0.98295045,0.9968039,0.9999839,0.99999595,0.9939908,1,0.9999609,0.9999895,0.9999988
0.000904928,0.0293539,0.000183055,0.010796147,0.9975061,0.000972811,0.000222669,3.97E-05,0.002307748,0.001227771,0.000101289
1.03E-07,0.019226622,1.14E-06,0.0454472,3.93E-11,6.73E-05,1.33E-09,0.000122148,0.002022646,4.33E-06,8.71E-05
0.000140102,0.97355753,0.9999336,0.9784581,0.99999595,0.00321882,0.99999785,0.9982048,9.23E-05,0.99734133,0.000177378
0.000353084,0.99874204,0.064377055,0.99789363,0.86923224,0.9362115,0.99979526,0.9991749,0.9852505,0.103764206,0.91531616
2.78E-05,0.76411563,0.80036056,0.010522858,0.88081205,0.001567073,2.07E-05,0.6792956,0.020594893,0.99193656,0.45494238
0.99824154,0.99389344,0.99999964,0.3211482,0.99987173,0.9995116,0.99998534,2.02E-05,0.9992594,0.9999355,0.94494337
2.08E-05,0.036448173,0.000478712,0.009648103,4.12E-05,0.002464291,0.7430859,2.64E-07,0.00181644,0.007065984,0.04957569
0.87309366,0.6864968,0.9993067,0.059633866,0.9999993,0.8235961,0.9998541,0.9976412,0.14518614,0.9940838,0.99998176
6.68E-05,0.5714581,2.42E-06,0.25453648,1.27E-05,1.09E-05,0.009624122,0.00496059,1.67E-05,0.000252705,0.000139121
0.003011262,0.22048502,0.000103589,0.000310328,1.54E-11,0.000631547,3.36E-05,3.30E-06,2.62E-06,7.60E-05,2.56E-06
0.009990303,0.29603958,5.11E-07,0.022279128,0.000425087,0.00353617,9.26E-08,1.27E-10,0.41053393,0.02687524,0.27472505
3.26E-05,0.042164337,7.77E-07,0.007863103,2.63E-07,4.72E-05,1.39E-05,8.25E-08,0.001475591,4.20E-05,3.09E-06
0.9999541,0.99843735,0.99990034,0.94087434,0.70314574,0.9976169,0.9999914,0.9998217,0.9976782,0.9916048,0.99999774
0.001069213,0.020779127,8.14E-08,0.766577,0.9999734,0.06397831,0.022569943,0.12209309,0.000876026,0.999897,0.000717068
5.68E-06,0.008422116,8.65E-05,0.31458208,0.3765901,0.001711431,2.36E-06,4.69E-08,1.81E-05,0.008476242,4.11E-05
0.9999374,0.2686622,0.92437285,0.094212934,1,0.9995664,0.9979886,2.97E-05,0.9999541,0.99993706,0.99988496
1.22E-06,0.009443286,2.52E-07,0.012161105,1.77E-07,2.66E-05,2.46E-06,6.80E-10,0.000117352,0.000362552,1.42E-05
0.000172262,0.029385202,0.001861262,0.34621483,3.99E-07,0.000538076,0.012217631,0.004747335,0.008498007,0.006681677,9.21E-06
2.86E-07,0.000703725,1.07E-06,0.001798151,4.36E-09,1.35E-06,3.70E-09,7.22E-13,3.47E-10,0.000204806,0.000592388
0.9992805,0.99931896,0.99989676,0.9496984,1,0.9998647,0.9964373,0.9999908,0.9999622,0.9986029,0.9999738
0.99997795,0.99993813,0.99989605,0.9316638,1,0.9081087,0.99973816,0.99766004,0.9830376,0.99999094,0.99999976
0.002896468,0.9166292,0.044046693,0.09782476,5.91E-05,0.53582805,0.05854161,0.99998677,0.43071327,0.000349318,0.13115071
0.000981819,0.000665061,0.9904552,0.00321852,0.99999905,0.83477765,0.9997738,0.000164233,0.11557562,0.93465924,3.18E-07
2.69E-06,0.031755112,0.000299862,0.7520465,4.71E-05,0.00011591,0.99662614,9.32E-05,0.010180079,0.001763942,3.94E-05
5.43E-07,0.009509375,1.19E-06,0.25650135,2.67E-11,0.000539507,1.06E-07,0.9972938,1.01E-05,5.40E-06,1.23E-09
0.9999887,0.9997087,0.9947562,0.9935201,0.9999726,0.9979594,0.9998845,1,0.90545034,0.9998223,0.9999999
0.9969541,0.062797315,0.9971113,0.77696687,0.9953353,0.7209139,4.95E-05,0.99122006,0.98295444,0.8579872,0.001909712
0.967286,0.98621875,0.9999919,0.9677169,0.9999994,0.9853689,0.99999905,0.9999292,0.9947949,0.20123415,0.018296879
2.46E-05,0.02691808,1.40E-08,0.009774503,6.16E-13,0.000255291,7.95E-07,6.96E-07,1.94E-05,0.000153455,2.35E-06
0.99985206,0.861094,0.99999213,0.2188339,1,0.99794763,0.9999995,0.9969235,0.9996743,0.93516827,0.7369666
0.15398085,0.99936837,8.91E-05,0.99627244,0.8142636,0.9730021,1.21E-06,0.92198867,0.998841,0.54434276,0.99899596
0.004257459,0.99967825,0.000234116,0.9605082,0.00570125,0.001447127,0.000178252,0.9996221,0.000237408,0.20644422,0.99947697
6.96E-06,0.004796196,0.000115004,0.17750289,7.12E-06,0.04048618,0.000338025,1.13E-05,0.9713558,0.007651937,0.00082195
0.99994636,0.1867714,0.99999976,0.004370664,1,0.99835193,1,0.4271054,0.9993462,0.9999021,0.99998367
4.09E-06,0.37987983,0.000367965,0.037456665,0.000149063,0.000213411,0.000255133,7.32E-09,1.22E-06,0.000329805,2.22E-06
0.9951201,0.98269755,0.029890232,0.000730677,0.90383494,0.96545094,0.00039158,0.9933663,0.9894398,0.9998816,0.9999975
3.56E-06,0.00035061,1.86E-05,0.15058944,8.98E-05,0.000344402,1.34E-06,1.90E-11,0.04286674,0.002104259,3.79E-06
0.000251881,0.031427853,4.49E-06,0.000345251,6.63E-08,3.03E-05,1.02E-05,1.19E-06,1.49E-06,0.000588411,1.02E-06
0.007730489,0.9908857,0.65154874,0.011669844,0.0785193,0.7492423,0.99999714,0.9992704,0.9999372,0.068110555,0.32483223
3.36E-06,0.00202095,0.018716792,0.14708015,2.26E-07,0.000456424,0.0004074,0.042288493,0.000207246,0.000177469,1.50E-06
0.99999905,0.9998252,0.9999969,0.99667656,1,0.9999875,1,0.9999887,0.99999976,0.9999937,0.99999917
0.9999789,0.9983315,0.99945,0.99528825,0.9999999,0.5749041,0.99999857,0.9999176,0.92384565,0.9823532,0.999998
2.71E-05,0.105269395,3.43E-09,0.043365177,1.32E-12,4.48E-06,7.66E-06,0.18856053,4.94E-08,9.25E-05,4.26E-07
0.086698644,0.03620523,7.39E-06,0.5023904,0.014240742,0.000595969,0.041246798,2.43E-06,0.99601495,0.98801416,0.99999475
8.01E-05,0.032074865,0.000102975,0.01829711,6.34E-10,1.23E-05,4.04E-05,0.003953591,5.13E-06,0.5218492,0.35945788
0.009538941,0.9917013,0.9998392,0.00654118,0.19204117,0.08537336,0.9992638,1.51E-06,0.002278128,0.004853351,1.95E-08
0.00047388,0.015272354,0.000117351,0.001361472,4.42E-07,0.000100647,0.001885155,0.012496341,0.9916174,0.7417629,0.000224614
1.69E-05,0.000604614,4.87E-05,0.012816919,1.17E-09,0.000193765,7.22E-09,2.01E-08,0.002092575,0.000931835,0.000495857
5.54E-06,0.00056757,1.40E-05,0.02054717,4.94E-07,0.001515667,0.009186,0.000104466,0.004688017,7.69E-05,2.25E-07
0.9992285,0.9995135,0.9998716,0.99827754,0.8248892,0.99817765,0.9999995,4.35E-06,0.99921703,0.9997385,1
0.9999696,0.9942238,0.99999964,0.96444625,1,0.99744844,0.99999976,0.9969934,0.99999106,0.9996075,0.99998987
0.048715856,0.60542405,0.25201118,0.18734817,0.000655292,0.007878942,0.9999896,4.75E-11,0.1154273,0.9995524,0.005807904
0.99811965,0.99893516,0.9999994,0.72201866,0.9998783,0.99782133,0.007668987,0.9999062,0.9998951,0.999684,0.99998224
0.00016471,0.8009089,0.001868934,0.25955123,1.14E-09,0.047201715,0.000131465,0.002523171,0.36153576,1.25E-05,1.59E-07
0.000220754,0.98091394,0.99290097,0.02590707,0.9919145,0.013914589,0.99973565,0.007662154,0.85228974,0.000121916,0.045271363
0.000169501,0.035688773,0.001539382,0.000420014,1.07E-09,2.35E-05,0.92092466,9.75E-06,0.98384315,0.014718376,0.37133172
1.21E-05,0.015113443,2.01E-06,0.11851056,1.21E-07,1.15E-05,8.40E-09,2.32E-09,2.25E-05,0.000338495,0.001347713
0.9999018,0.53081334,0.65032166,0.8929135,0.99999976,0.921381,0.99999917,0.06473108,0.9999758,0.7325808,0.9800411
0.9995167,0.7206543,0.99994373,0.14278446,0.9961371,0.99479103,0.999634,0.7925644,0.978222,0.9999871,0.9754146
3.11E-06,0.027883204,3.53E-07,0.003082694,4.87E-10,0.000182469,0.000179657,1.75E-07,0.000539682,0.006038704,1.57E-06
1.65E-05,0.81463706,0.00031378,0.004345424,2.34E-08,0.7937658,4.94E-08,3.69E-05,0.040918842,0.000354349,0.11391861
0.000144297,0.005631176,5.51E-06,0.08580688,2.24E-08,5.88E-05,1.31E-05,0.000336196,0.000369413,0.04100212,3.08E-05
0.008333654,0.9975109,0.9997794,0.10636654,0.001452667,0.8879535,0.9998988,0.83617085,0.005700237,0.99919194,0.4473001
0.9973786,0.6351939,0.99542063,0.13984239,5.06E-07,0.90172684,0.60717577,0.99916756,0.055432633,0.96513534,0.57888
0.99494755,0.9835079,0.9999989,0.5296257,0.9997844,0.12842679,0.9999999,1.27E-10,0.9971219,0.99952674,0.9999951
1.01E-06,0.001376816,0.000104762,0.001721335,8.51E-10,0.000187944,0.00855482,0.0839012,1.35E-07,0.000118526,0.00022756
0.019869344,0.89486754,0.05942636,0.018894153,0.99991524,0.053280517,0.999956,2.32E-10,0.9998896,0.08684607,0.003885668
3.03E-06,0.054232642,1.19E-06,0.003408178,5.26E-12,6.70E-05,0.000276169,1.35E-08,2.38E-05,0.00012814,1.33E-07
0.000116047,0.010575312,0.001005483,0.005234165,2.79E-06,0.000618739,0.012586424,3.39E-06,6.25E-05,0.3079199,4.17E-06
0.001172027,0.6573449,0.38797677,0.6653723,0.9989349,5.61E-06,0.99887794,0.013897483,0.000272553,0.9871895,0.99877506
0.001074101,0.99290293,0.005584695,0.9952897,1.06E-06,0.23988345,0.9577003,0.026823407,0.9989336,0.07280083,2.47E-06
0.86405885,0.016714904,0.00099309,0.008325473,0.000259389,0.64532894,0.98835075,2.01E-05,0.99854654,0.9990639,0.99626094
1.35E-06,0.23151527,0.000632979,0.000644914,2.35E-10,3.49E-05,2.51E-06,5.88E-06,0.00053064,0.015402807,3.85E-07
6.88E-06,0.016703444,9.66E-06,0.05733588,2.94E-11,1.18E-05,0.05679975,1.54E-07,4.30E-05,0.065300345,0.000165762
0.99996734,0.97879946,0.9950041,0.99097896,0.99999976,0.99860376,1,0.9995548,0.9999598,0.9999546,0.9999989
6.84E-05,0.9963643,0.085862026,0.6959868,0.9773989,0.002119314,0.87390274,0.016941609,0.00285967,0.39994717,0.033103164
0.999972,0.98874015,0.99999976,0.98684376,1,0.99939334,0.9999918,0.99980897,0.8873604,0.88929504,0.9999999
0.99309266,0.997338,0.9998796,0.1623467,0.99998,0.59227026,0.99999857,1.29E-06,0.9994747,0.5026398,0.9979196
0.9997136,0.8704721,0.9989465,0.5636021,0.99998224,0.001612678,0.99998367,2.45E-05,0.77274746,0.99891937,0.9982993
0.33524135,0.058977887,4.61E-05,0.2624779,0.04988378,0.99821824,0.90015614,2.24E-06,0.99997413,0.9999238,0.9998344
0.000480461,0.002867892,6.85E-07,0.000501409,1.75E-10,0.001535618,8.88E-08,0.00042564,0.001012563,0.000457193,6.88E-05
0.32404083,0.19099742,0.01675009,0.024827369,0.959781,0.009518349,0.11212027,0.001443398,0.001862673,0.043377046,0.981519
2.04E-06,0.005404957,3.02E-06,0.001844996,4.33E-08,8.92E-06,3.42E-06,1.22E-06,8.07E-08,0.00258891,0.8913731
4.06E-07,0.003724344,0.000108943,0.003864685,9.93E-06,0.000138413,7.96E-07,1.97E-05,8.32E-06,0.000276177,1.01E-05
7.14E-05,0.52100855,0.2280574,0.004932396,7.18E-10,0.09833189,2.46E-05,0.000783128,0.037759144,0.000242706,0.9642536
0.004079653,0.020442618,0.9902581,0.97520655,0.9900607,0.8271677,0.001899959,7.66E-07,0.00010827,0.40097463,0.000577197
3.83E-06,0.003091994,2.34E-07,0.000233638,5.97E-11,0.000325384,6.75E-06,0.9982566,3.69E-05,0.000212044,1.49E-05
3.46E-07,0.005416406,0.015992045,0.001115086,0.06305326,0.000351014,1.29E-08,4.22E-05,0.001990912,1.07E-06,1.27E-09
0.9997359,0.98911613,0.94810754,0.93995893,1,0.9999919,0.9931993,0.9995142,0.99377865,0.29765433,0.9921577
1.63E-05,0.51307243,3.01E-06,0.00069551,3.51E-06,9.76E-09,9.33E-05,0.09039767,8.64E-08,0.003463259,2.24E-05
0.99988914,0.08649119,0.9998586,0.9995535,1,0.9999933,0.99999976,0.31522945,0.99986756,0.99998546,0.999962
3.03E-05,0.001342127,6.84E-06,0.006765142,7.22E-07,1.54E-05,1.42E-07,0.000114426,2.08E-06,2.51E-06,0.000153916
1.59E-06,0.016030464,0.004411906,0.059592124,0.000471332,1.07E-05,6.62E-06,0.000222379,0.001504558,2.90E-05,2.65E-09
0.9993672,0.9707783,0.9999993,0.97185475,1,0.9999999,0.99997795,0.99984443,0.99999833,0.9971942,0.99999964
2.99E-05,0.001166921,0.004277662,0.001052387,1.34E-07,0.000121375,3.85E-09,0.000651731,1.87E-05,0.5773057,9.49E-08
0.99934417,0.3398753,0.99477804,0.09591027,0.30316725,0.95032734,0.99998534,0.006855974,0.99982834,0.99975675,0.999814
6.69E-05,0.005087378,0.001409775,2.33E-06,2.05E-07,9.21E-05,1.89E-05,0.000978476,7.60E-05,1.24E-05,1.62E-06
3.03E-06,0.002361289,3.57E-06,2.48E-05,2.31E-06,3.26E-06,0.001210807,0.000104213,6.42E-06,1.04E-05,3.83E-07
4.18E-07,0.000427334,3.48E-05,6.67E-08,2.54E-09,4.16E-09,1.65E-08,2.71E-06,6.30E-09,1.81E-08,1.72E-06
0.99968755,0.001882332,0.9999999,0.000107096,1,0.99998534,1,0.038514994,0.9990596,0.9776847,0.99999917
0.99982566,0.020446138,0.9997435,0.9773523,0.9999999,1,0.9999968,0.00010106,0.9999386,0.9927434,0.99994504
0.8219765,0.0818688,0.03561108,7.73E-06,0.6626646,0.19281428,0.9946343,0.001552328,1.73E-05,0.000389109,0.94993067
7.99E-06,0.010349654,2.26E-05,0.001556349,1.16E-07,1.18E-06,1.99E-06,3.02E-05,2.77E-06,0.9981021,3.48E-05
0.18452212,0.99309266,0.00740519,0.9716466,0.99914,0.9989686,0.9999846,0.13514106,0.013512557,0.28206754,0.9998167
0.9997212,0.9988024,0.99995136,0.9992367,0.9997377,0.999998,1,0.9962882,0.99997187,0.99999416,0.99966216
0.6707185,0.41107538,0.9999851,0.99987876,0.37233165,0.99985754,0.9999796,0.99999845,0.99991596,0.8997657,0.8865582
0.99994314,0.99940944,0.99998546,0.99990857,1,0.99999654,0.9999993,0.9996786,0.99999595,0.9999217,0.99999976
3.57E-06,0.002293601,0.9991155,4.09E-06,0.2840745,0.56437606,7.32E-06,1.26E-06,0.000569403,7.31E-08,0.016723873
1.34E-06,0.05470268,1.84E-05,0.99749064,2.04E-09,0.001480113,4.45E-06,6.69E-06,0.3678485,0.11563948,1.35E-09
0.4506584,0.00086394,1.05E-07,0.000182642,7.77E-05,0.027489748,6.57E-06,4.55E-05,0.04196231,2.74E-05,0.000555982
4.90E-05,0.004178883,0.023968391,4.02E-06,2.12E-09,2.39E-05,3.54E-10,0.005543831,6.62E-09,5.75E-09,2.29E-06
3.72E-07,0.008424163,5.17E-08,0.085761964,3.39E-06,0.6231071,6.25E-07,2.54E-05,5.75E-07,7.81E-06,6.36E-08
2.02E-05,0.000596165,1.46E-05,0.01470957,2.96E-07,0.6764019,7.78E-07,3.10E-07,0.9648354,0.00645214,2.02E-05
1.11E-05,0.2578744,0.000317081,2.46E-05,4.01E-05,0.07749546,0.00198469,2.83E-05,0.35469005,0.99629766,0.001613319
0.9982332,0.9985886,0.824326,0.99999833,0.6385736,1,0.9999951,0.9999989,0.99999976,0.9999287,0.99992704
5.12E-05,0.000258463,3.33E-05,0.001715917,0.9999038,0.000112191,0.21240264,2.22E-05,0.96324056,0.001247186,0.002518684
7.40E-05,0.11812441,6.53E-06,0.020002834,0.9994387,0.002407578,0.000289752,7.93E-05,0.013402196,0.00156,0.00490595
0.9999869,0.9999473,0.9999999,0.9998307,0.9999988,0.9999988,0.9994466,0.99999356,0.9995578,0.99966896,0.9999999
1.81E-07,0.002134547,7.16E-06,1.38E-05,4.37E-07,7.68E-06,2.07E-09,2.10E-06,1.77E-07,0.000357743,0.001030847
0.000125562,0.001846507,9.80E-07,0.0688352,0.001346742,0.9958334,3.26E-08,0.001768541,0.0952667,0.000554627,1.75E-07
0.000207507,0.001544091,0.000145198,0.000244582,7.61E-08,2.67E-07,8.23E-05,6.23E-05,1.04E-05,3.88E-06,0.007017246
0.000645443,0.010288073,7.56E-06,1.92E-05,9.77E-06,7.37E-08,1.24E-06,0.003094821,3.45E-06,2.67E-07,1.17E-05
0.9998228,0.89297175,0.55325806,0.7066864,0.9999999,0.99998534,0.9999529,0.7367993,0.9999924,0.9999914,0.9999808
5.69E-05,0.000873857,1.55E-07,0.0027067,9.75E-08,1.64E-05,3.56E-10,0.94433063,2.19E-06,3.09E-06,1.37E-08
0.9355509,0.016970031,4.20E-05,6.98E-05,4.16E-05,6.22E-05,9.25E-08,0.07322296,3.69E-05,0.86318874,0.81512994
0.99918395,0.17898043,0.9999926,0.9991678,0.9999478,1,1,0.96957123,0.99999714,0.9979609,0.9999975
0.000194472,6.76E-05,2.12E-06,0.000472478,5.73E-05,1.87E-07,0.0001448,5.24E-06,1.47E-07,3.84E-07,8.22E-09
0.99877435,0.9765978,0.99999845,0.96105534,0.9999975,1,0.99100786,0.002619674,0.99999964,0.99999654,0.99999905
2.39E-05,0.002145076,0.003426128,0.000940371,3.27E-08,1.85E-06,9.50E-07,9.05E-05,3.93E-07,2.45E-07,1.96E-05
0.000118905,0.057385333,5.12E-05,0.000666128,0.003190012,0.0002863,1.44E-06,4.21E-05,2.77E-07,0.9997998,9.79E-06
0.044034887,0.871915,5.03E-08,0.001146565,2.77E-08,1.13E-07,0.00061807,0.3654213,1.64E-08,0.1747702,0.99984205
9.15E-06,0.004225125,2.96E-06,0.42779717,3.69E-07,2.45E-06,3.08E-05,0.004491912,6.43E-05,5.19E-05,3.08E-09
0.9985763,0.000726426,5.79E-05,0.6945955,1.93E-08,0.015294263,1.47E-05,7.85E-06,5.44E-05,0.030159935,0.000914582
0.62021554,0.002464491,4.95E-07,0.000786085,0.010176029,2.05E-05,0.50265473,0.037047688,2.68E-06,7.38E-05,0.00893602
0.5157502,0.038320508,2.00E-05,0.007701646,0.8770192,0.001355534,1.08E-07,0.010112267,0.8815182,5.73E-06,0.65899134
4.51E-06,0.001625554,0.010819842,4.49E-06,5.03E-05,6.31E-08,3.81E-06,0.000263687,3.35E-06,4.52E-05,3.66E-12
0.000941651,0.044747647,0.11457197,0.000215167,0.9999511,0.12002183,1.91E-06,9.00E-06,0.19543266,0.9986897,0.00021407
1.75E-06,0.001378084,7.84E-06,0.000274372,0.9783384,0.06256268,0.08917932,4.70E-05,3.76E-06,1.14E-06,0.3118856
1.85E-06,0.24575946,0.8392537,0.000180902,7.53E-05,2.68E-07,6.71E-07,0.030349424,7.42E-09,9.36E-07,1.54E-07
0.40036651,0.16359827,0.24975479,0.95696753,0.000387824,9.77E-06,0.000474877,0.02583177,0.000109249,0.74691737,7.05E-07
0.000776893,0.000441883,0.001344136,0.001513101,0.1292448,4.23E-06,2.96E-07,0.002685311,6.79E-06,5.47E-06,2.11E-12
0.015062141,0.007162436,0.001512225,2.66E-06,6.29E-08,4.47E-07,7.84E-06,2.45E-05,2.78E-06,0.006148975,0.000176265
0.00215773,5.35E-05,9.32E-07,0.000540347,4.47E-06,0.4228778,3.76E-07,1.44E-06,1.52E-05,0.000488379,2.35E-05
2.26E-05,0.020443201,0.9692798,2.35E-06,0.99999905,0.9997812,0.99306846,1.13E-06,0.92561203,0.000236439,1.46E-09
5.16E-05,0.024688577,0.001804557,0.97073585,0.000407453,0.011402327,0.9998994,4.45E-06,0.9972926,2.00E-05,2.20E-07
0.9999496,0.99886847,1,0.30358166,1,0.99797815,1,0.99932325,0.9999912,0.9999213,0.9999882
0.9990362,0.8086343,0.999946,0.99886453,0.6347821,0.9999999,0.9999558,0.9899009,0.99999857,0.906264,0.003379277
0.01810894,0.034830526,0.002950311,4.64E-05,0.002838882,0.001022352,0.99985707,0.002490544,0.41969767,9.71E-06,0.000363226
0.99992335,0.72540283,0.99999297,0.91331017,0.99999607,0.9998988,1,0.45699382,0.99996483,0.9999844,0.9999896
0.99999094,0.99496114,0.000164887,0.9990694,0.9997459,0.9999696,0.99999857,0.99996865,0.999841,0.99999917,1
0.9999715,0.98488045,0.99449086,0.9998068,1,0.9999994,0.9999981,0.9894427,0.99998784,0.9927307,0.99656147
0.001509922,0.03700416,0.006807245,0.000126842,0.00068882,4.12E-06,0.99995077,0.2594605,1.56E-05,0.000448159,0.9981331
1.36E-05,0.000117251,0.000180507,2.04E-07,6.84E-09,8.19E-09,2.91E-09,4.84E-06,7.96E-05,1.71E-05,4.79E-10
7.46E-08,0.018711565,1.01E-05,0.000283154,6.98E-07,0.000763582,1.35E-05,0.000249986,0.001971913,0.000133885,5.88E-06
1.01E-05,0.010422351,4.30E-08,9.48E-05,6.50E-06,3.02E-05,1.83E-06,0.010254799,3.93E-06,9.58E-06,2.70E-05
0.9999552,0.99897563,0.99645776,0.999569,0.99947876,0.99999475,0.99984264,0.99927443,0.99968374,0.9999951,0.002287948
0.99966204,0.9995877,1,0.99992037,1,1,0.9999999,0.9999846,1,0.99994206,0.9999839
1.37E-05,0.3228372,2.36E-06,5.23E-05,0.016054174,4.25E-06,9.26E-05,0.005096628,9.14E-10,0.039428882,2.89E-06
0.9986885,0.04114052,0.9992623,0.99612,0.9999994,0.99983954,0.9999989,0.64583343,0.9992756,0.9999635,0.9984242
6.27E-08,0.005073869,1.09E-05,0.001264701,1.54E-05,0.000108376,1.43E-08,0.000747359,9.41E-07,2.10E-07,1.30E-10
0.06746202,0.000441997,0.99984396,0.003909611,0.9999999,0.9994555,0.99999976,0.000337034,0.7382265,0.7892087,0.8564358
0.9998084,0.99610597,0.49280745,0.7658924,0.9999982,1,0.9999069,0.9999474,0.9999397,0.9999763,0.9999999
0.000474252,0.79096067,9.09E-08,0.009991647,1.51E-06,1.18E-07,0.014777311,0.000368712,1.36E-07,1.57E-05,0.000552577
4.26E-06,0.002101798,0.000163934,1.49E-07,8.63E-07,2.15E-05,1.65E-06,4.03E-06,1.25E-07,1.46E-07,1.86E-05
2.52E-07,0.0582064,1.84E-08,9.73E-06,5.59E-08,5.41E-07,1.90E-05,4.84E-06,5.85E-05,1.02E-07,2.00E-05
0.00138184,0.29440627,0.000227153,0.87692726,9.49E-05,0.9368063,0.99999714,0.000533643,0.046489157,0.024355983,0.948225
0.000210579,0.002292807,0.009259484,0.000451605,0.98325944,0.000495904,0.26623294,2.99E-05,0.9991272,4.09E-05,0.7686186
2.56E-05,0.006048313,0.0004712,0.9690248,0.001278502,3.97E-06,0.004131625,1.01E-05,7.86E-07,0.00426441,8.66E-07
0.999977,0.9920027,0.9964796,0.9998,0.9998888,0.9999583,0.9999937,0.9976018,0.99998164,0.9999856,0.99999964
0.99716586,0.99886584,0.89283264,0.9998192,0.23784077,1,0.9999367,0.99999285,0.99995863,0.47163215,0.056020092
0.9997003,0.28229162,0.99994946,0.9995433,0.9999999,0.99999964,0.9999958,0.0662472,0.9896884,0.9999925,0.011039122
0.99992514,0.9857292,0.99999297,0.99838936,0.9999999,0.9914996,0.999967,0.9998864,0.92716765,0.99997663,0.9972203
0.88600653,0.000109151,0.6899736,0.002472446,0.99550664,0.17056707,0.001679807,6.81E-06,2.71E-05,0.002563741,0.00041332
6.19E-05,0.5901475,3.06E-05,0.9953923,1.61E-05,1.99E-05,0.000609274,0.61726165,3.66E-07,0.74071455,0.9999795
4.90E-07,0.008933449,1.84E-05,6.89E-05,0.20327784,0.0986605,0.98867726,6.32E-05,1.02E-05,0.9990239,0.000283388
3.43E-08,0.000981018,9.82E-08,0.00011349,2.25E-07,7.35E-05,2.83E-06,0.000312639,4.58E-06,7.87E-05,1.40E-10
4.91E-05,0.8313075,2.66E-06,0.82911265,0.000192952,9.53E-09,1.18E-07,0.9984024,2.09E-08,4.36E-05,0.16644487
0.025826095,0.973989,0.000516824,0.009147447,0.99999917,0.07923323,0.04128235,0.008295827,0.9964863,0.000429908,0.21349812
2.39E-06,0.00089201,0.15638067,0.001021888,1.64E-06,0.7198009,3.94E-06,5.03E-05,0.000153585,8.71E-06,2.49E-11
1.61E-05,0.4477576,0.001662382,0.0005924,8.02E-06,0.004674423,7.39E-05,0.000822402,0.000174038,7.98E-07,7.35E-06
0.99988353,0.000863591,0.9821155,7.56E-05,0.99999726,0.99993503,0.9999999,0.107137375,1,0.999198,0.99332654
1.84E-05,0.734739,5.81E-07,2.86E-05,5.93E-07,0.000439292,1.81E-06,0.29221675,0.000264616,4.17E-05,3.50E-05
0.99981457,0.5662355,0.99999726,0.99846053,1,0.99999845,1,0.000312971,0.9999994,0.9999784,0.99997306
0.00339329,0.005599502,0.52193874,0.024956489,5.75E-05,0.08589167,0.000850435,0.2507758,0.9980975,0.08564654,1.13E-06
0.001027531,0.43185064,0.0794239,0.27909443,0.097139396,4.01E-05,1.79E-07,0.3418287,5.55E-07,3.87E-05,0.000462229
0.99987805,0.27708918,0.9998147,0.99226296,0.02760183,0.96261466,0.99999726,0.9928981,0.9999522,0.99979943,0.9998976
0.9999764,0.9988102,0.9997938,0.98540986,1,0.8135881,0.9999585,0.9936631,0.9999937,0.9999548,0.99999976
0.94470507,0.24756473,0.003604634,0.000806302,0.5061462,0.9999969,0.91765916,0.90049124,0.99998534,0.9748229,0.99998784
0.98797905,0.996992,0.03372231,0.9881997,0.351832,0.5765293,0.99999964,0.94526047,3.34E-06,0.9995253,0.999869
4.04E-07,0.022174673,7.31E-05,0.000250353,1.23E-07,0.000703656,4.44E-06,0.000280255,0.000603281,1.09E-08,7.64E-10
0.9999585,0.9998311,0.99987316,0.99998426,0.99991107,0.9999994,0.99999094,0.6144102,0.9999331,0.99997616,0.99997926
7.19E-06,0.000121978,0.00037617,0.003466349,0.11181401,7.14E-07,0.00249069,9.07E-07,6.57E-06,3.96E-05,0.018272394
0.9488288,0.003581793,0.9977404,6.56E-05,6.59E-06,1.08E-06,0.001809413,5.15E-05,3.77E-06,0.10683494,0.99970907
0.999931,0.9974866,0.999943,0.999997,1.08E-05,0.999998,0.9093821,0.9999734,0.99935514,0.9999343,0.9999999
0.000870025,0.000138806,0.9992065,0.001218823,0.018542426,9.09E-08,0.38933864,0.04260339,4.66E-05,0.024565298,3.40E-07
6.60E-06,0.000492883,0.000112301,0.41396457,9.08E-05,1.34E-06,0.000959043,0.42783388,1.40E-06,0.000270443,1.94E-07
5.00E-08,0.10140292,0.026654758,0.002966577,0.999668,0.019601807,0.22514512,5.55E-06,0.23423156,2.28E-06,1.49E-05
0.99887997,0.9979721,0.9999932,0.9999422,1,0.99999964,1,0.9999783,0.56412303,0.9999645,0.9295494
0.99732375,0.79089534,0.9999888,0.7922438,1,0.91188985,0.9999701,6.15E-05,0.9998975,0.99999905,0.99999976
0.51145667,0.97960013,0.9996302,0.08059441,0.9999993,0.9999918,0.97987914,0.000376445,0.700629,0.9996106,0.9997948
0.003082723,0.009145436,0.99796593,0.000400252,0.001007092,0.9999949,2.17E-06,0.001463909,0.99833244,0.000419964,7.85E-09
4.36E-07,0.002406238,3.46E-06,0.17226788,1.35E-06,1.63E-07,7.26E-06,0.000639049,1.20E-06,9.69E-06,5.67E-05
6.67E-07,0.002939564,3.70E-09,1.03E-05,2.56E-06,5.07E-08,3.31E-09,5.13E-07,2.16E-08,7.15E-07,1.06E-08
1.40E-06,0.000567656,0.01774259,0.04619976,5.13E-07,3.92E-07,0.002727805,0.008071473,5.72E-06,3.94E-06,1.34E-11
0.000106909,0.003300036,0.9512905,1.45E-05,1.49E-06,0.000520644,1.33E-05,0.001818628,4.32E-06,9.68E-06,2.51E-09
0.9578684,0.98666555,0.99999976,0.24699348,0.9999685,1,1,0.9998215,0.99999416,0.1416454,0.99928635
0.9868498,0.8715388,1,0.8283934,1,1,0.9998938,0.9957638,0.9999988,0.9997559,0.9998727
0.99981266,0.26578954,6.63E-05,0.003295893,0.99833727,0.999977,3.34E-05,1.50E-05,0.06358176,0.057962947,0.9997348
3.71E-05,0.005549812,7.56E-06,0.000166759,1.45E-07,2.67E-08,6.87E-07,0.35582745,4.08E-07,1.24E-06,3.27E-05
0.89795035,0.9954562,2.35E-07,0.9632628,0.4277391,4.54E-08,7.72E-06,0.9900023,1.82E-06,0.4490853,0.50760674
1.65E-06,0.002864028,3.55E-08,0.001091761,0.001189767,2.00E-08,2.47E-07,3.62E-05,1.15E-06,2.13E-08,1.64E-09
0.9998373,0.98695195,0.9999833,0.99870753,0.99955267,0.8683212,0.5021714,0.99904245,0.98549426,0.9999219,1
1.38E-05,0.009518204,2.83E-08,0.06982648,1.76E-05,7.64E-10,1.25E-06,0.011691181,8.15E-11,7.38E-05,1.59E-05
4.31E-05,0.006837467,0.99638677,0.00014764,0.9999999,0.003309175,1,0.00030095,4.02E-05,3.45E-08,2.22E-10
2.22E-07,0.001577024,2.92E-07,9.78E-05,1.03E-08,6.93E-07,7.05E-07,0.000817583,2.99E-05,0.000146218,0.14072205
0.003547486,0.9211174,2.69E-05,0.014027005,3.60E-06,2.58E-06,5.77E-09,0.2926721,0.047504354,0.000251251,3.53E-09
0.9999969,0.99864644,0.9881563,0.9988549,0.99872464,0.9999982,0.9999294,0.9999945,0.99999833,0.9998721,0.45103413
0.9913839,0.74574256,0.9983981,0.9998467,0.99914956,0.39704445,0.004712962,0.79383636,0.9996561,2.94E-05,0.8744628
3.37E-08,0.003757725,9.10E-06,0.006420123,2.92E-05,0.001601934,2.21E-05,0.015289776,4.45E-09,9.24E-07,3.28E-06
0.9998141,0.99879766,0.25313354,0.9986071,0.001312432,7.33E-07,4.83E-06,0.78228325,0.003270695,0.7942,0.9653224
0.000235951,0.007538403,0.00049674,0.3568543,1.97E-07,0.02707285,3.89E-08,0.000101861,3.99E-09,1.57E-05,8.11E-08
3.63E-06,0.071564026,2.37E-06,0.4388133,0.002543731,8.84E-05,3.25E-08,0.9965258,8.22E-05,1.20E-08,8.92E-08
0.000446564,0.57690024,0.96384656,1.96E-05,0.99999905,0.9999896,1.42E-05,7.91E-05,0.046016768,0.005187375,6.74E-06
0.002026481,0.002705094,3.73E-05,0.002681487,0.9992434,0.000816255,3.96E-06,0.015788406,0.000113084,0.01512653,0.9866044
0.99356717,0.9996519,0.9953157,0.99977094,0.999974,0.99990535,0.9999839,0.99999774,5.50E-05,0.9999958,0.99999917
0.9982938,0.7560117,1,0.9983072,1,0.97442424,1,0.92068815,0.001147463,0.9999932,0.9999999
5.94E-06,0.009899615,0.000597296,0.004494075,0.002365046,0.018628683,2.15E-08,0.012740642,0.002396368,7.95E-06,6.73E-10
1.89E-07,0.61208427,3.44E-07,0.000224855,0.001028899,6.17E-07,0.001077351,0.00027948,2.89E-06,3.51E-07,5.84E-07
9.92E-05,0.000107249,1.96E-06,3.72E-05,1.66E-07,9.75E-05,5.41E-05,7.40E-07,7.35E-07,6.26E-08,1.43E-07
8.13E-05,0.001964141,0.6722302,3.05E-06,1.17E-05,0.001827731,2.71E-05,4.75E-06,0.019173138,0.000396485,0.87725407
0.004785926,0.001661373,0.003266055,2.22E-05,0.93058604,0.00015601,0.9998449,5.76E-07,0.000600717,0.001062128,6.12E-06
0.003942552,0.9957027,0.9993285,0.99956805,0.000240723,0.9626166,0.000280921,0.6845464,0.000123458,0.5918059,0.94968486
0.99091,0.99918085,0.9609915,0.99915504,0.010169154,0.99502784,9.98E-07,0.9890609,0.99896884,0.18694587,0.9987142
3.23E-06,0.000534874,1.62E-05,6.57E-06,1.43E-06,5.34E-06,8.31E-09,0.000211821,0.035959173,2.80E-05,2.93E-06
0.99990785,0.9966942,0.99706835,0.9969048,0.99899787,0.5312809,0.9999937,0.9458582,0.9059685,0.99984884,7.90E-05
2.78E-06,0.5530071,0.3605559,0.9731694,3.18E-09,0.041981153,1.87E-11,0.004661812,0.022477208,4.77E-07,2.08E-08
1.57E-05,0.000834273,3.05E-07,0.000581058,0.001368932,0.003363486,1.58E-08,7.03E-05,0.07496515,3.92E-07,2.91E-06
0.1102036,0.094563015,0.12655579,0.015773498,0.006983906,0.99999976,4.30E-05,0.000145053,0.99966264,0.99977,1
0.005630892,0.003579542,2.50E-06,0.98953855,9.06E-07,1.63E-06,3.61E-06,0.003143269,0.000173507,0.000389653,0.002844216
0.9853028,0.78516513,0.9996068,0.99987924,0.9999962,0.9999981,0.999974,0.99856853,0.99969935,0.9703739,0.99974686
0.11272531,1.37E-06,5.89E-06,0.000330754,0.9998822,0.024478778,0.17467822,0.000309037,0.021632226,2.04E-05,0.21233226
0.9803232,0.05608992,0.39347693,0.5299543,0.99552566,0.9997414,0.9999311,0.9979965,0.9970464,0.9999989,0.9328556
8.45E-05,1.67E-05,1.39E-07,0.001157168,0.006224861,0.93453586,0.001151818,0.007668813,0.966175,0.25967425,0.34521663
0.14505152,0.03576026,0.9992725,0.000209744,0.9998634,0.000157384,0.9978871,0.3435414,0.001115098,2.41E-08,0.15290226
0.000316975,4.58E-08,4.14E-08,2.54E-05,6.28E-06,7.86E-05,4.18E-05,0.043221258,0.08643801,2.37E-07,0.000261205
0.99999785,0.99998593,0.99999964,0.9999956,0.9999697,0.99968576,0.95868796,0.99978715,0.9412646,0.008308436,0.9996995
0.9999877,0.44626036,0.9999995,0.9999882,0.99998534,0.99992955,0.9999957,0.21955761,0.9991842,0.99947387,0.99850935
0.001091032,5.06E-07,0.03248594,4.60E-05,0.014832994,0.001762784,0.013434529,0.10245309,0.04355256,5.10E-08,0.000538525
7.13E-07,5.53E-10,1.24E-05,9.81E-06,0.003080098,8.04E-05,0.000286057,0.000496144,0.004653051,3.08E-07,5.29E-06
0.16057524,0.9234266,0.001136866,0.93353236,2.68E-05,0.001029375,0.04067197,0.010634836,0.13329373,0.9954152,0.91344994
0.99999833,0.9999988,1,0.9995691,0.99998546,0.999907,0.9975968,0.8248321,0.9956344,0.9999089,0.9959667
0.000875582,0.28063735,0.5876091,0.000745959,0.99984705,0.030972209,0.01001005,0.3350096,0.20366132,3.07E-05,0.000242081
0.9898028,5.31E-06,0.9884151,0.003545366,0.016470347,0.97354424,0.651441,0.9994654,0.92504424,0.95716256,0.99949753
0.9999871,0.9999721,0.999985,0.52582735,0.99968517,0.8019285,0.99987996,0.9839384,0.9860634,0.8132774,1.92E-05
0.000264222,0.058378622,1.23E-05,0.001377788,3.83E-05,0.001190971,0.3921744,0.010330128,0.003242878,9.44E-06,0.018497432
0.08175204,2.88E-06,0.000671662,9.80E-06,0.001367116,0.024604738,0.008289854,0.00032152,0.002367057,0.4048378,0.000503495
0.99467,0.83498114,0.31760034,0.9995907,0.983906,0.05611944,0.9997764,0.9959325,0.7550074,0.8984537,0.99990606
0.011858266,0.3236309,3.04E-05,0.000362591,0.55271363,0.5963113,0.9995696,0.22712551,0.29256716,0.000471421,8.48E-06
2.29E-05,8.68E-06,4.16E-08,3.60E-08,0.000290143,0.000157193,9.65E-06,0.000641495,4.14E-05,8.08E-08,2.47E-05
0.9999913,0.99997926,0.9999318,0.000199451,0.99957675,0.999116,0.893942,0.9993932,0.9855246,0.9999356,0.99466115
6.37E-06,1.18E-06,1.41E-08,2.36E-05,2.06E-05,5.68E-06,7.67E-07,1.62E-06,0.000180394,4.91E-12,7.93E-07
0.89906293,0.9760892,0.9988549,0.002355215,0.49732774,0.9972332,0.000778617,0.9977404,0.99888295,3.69E-05,0.8738066
0.004359656,5.17E-05,4.09E-07,0.2575086,9.19E-05,0.000931146,0.000226595,0.011669124,0.004174659,2.40E-05,1.81E-05
1.05E-06,4.48E-09,2.59E-11,1.84E-05,2.70E-07,5.85E-06,1.88E-07,0.000944664,5.45E-06,3.82E-09,4.78E-06
5.81E-05,0.99997425,0.00053867,1.31E-05,0.033033695,0.009820499,0.000204586,0.001524185,0.004603379,3.90E-07,0.33226314
0.9954293,0.1772086,0.99992585,0.026680063,0.9991781,0.99937564,0.99939656,0.001420744,0.9918281,0.000117908,0.07635847
0.000669645,3.57E-06,0.08916253,6.13E-06,2.66E-05,0.000350827,0.003182568,0.00121371,0.13996331,3.64E-08,6.56E-07
0.9997476,0.9995901,0.9996637,2.99E-05,0.91800004,0.99978024,0.97867787,4.36E-05,0.9903222,0.9999968,0.9652786
7.91E-06,1.21E-05,0.000507604,0.07347502,0.38125807,0.6915842,0.003773972,1.13E-05,0.9741444,2.02E-06,0.000122923
3.95E-05,0.000879742,0.001782907,4.00E-06,7.93E-05,0.001995688,1.86E-06,0.01118672,0.026979512,2.71E-10,5.60E-06
0.99999464,0.99998236,0.04015535,0.9852208,0.9999124,0.96211493,0.9699112,0.9998913,0.14188276,0.99999964,0.9916802
0.00013914,3.15E-08,5.13E-08,6.14E-05,0.23681806,0.7643266,5.63E-07,0.001397552,0.3796466,0.99688965,0.001014993
0.9875228,0.00864053,0.99996424,1.33E-06,0.9974043,0.8864104,0.9702776,0.9647262,0.99428684,0.052909065,0.9303312
0.001071893,0.000113792,1.03E-06,0.00322653,0.5507982,0.990537,0.014761913,0.004914235,0.9648172,0.023447176,0.000940536
0.001189105,0.000109395,0.002229163,0.95794684,0.000213375,0.579536,0.22508428,0.002033168,0.544197,0.000893138,0.36981472
0.07390417,0.001053728,1.55E-07,7.77E-05,0.037968084,0.3995647,0.2714541,0.0004024,0.001163118,0.001683858,7.34E-05
0.001577675,0.99999774,2.88E-08,0.000208678,0.000103827,0.009870247,0.001565519,0.02055045,0.000623622,2.56E-07,0.001942222
0.99992895,0.013328013,0.983707,0.98785514,0.99949026,0.99972993,0.08318634,0.9946061,0.99507093,0.20972767,0.044331487
3.22E-05,0.000658268,2.99E-10,0.054875147,0.000817618,3.09E-06,0.006747351,0.121835925,5.45E-05,3.28E-05,0.28106666
0.008580786,0.99986756,2.35E-06,1.24E-05,0.000350027,0.18534462,0.09299925,0.5384548,0.04673887,3.29E-05,2.98E-05
0.006042125,0.005662942,0.21862605,0.73515916,1.57E-05,0.000440342,0.028734846,0.009704008,0.032754637,3.72E-06,0.00028289
0.9999969,0.000304332,0.9999994,0.99864775,0.99997985,0.9989278,0.99995804,0.99806064,0.99949324,0.013335521,0.04283623
4.91E-06,9.10E-09,0.15126516,8.16E-05,0.000316876,2.32E-05,1.57E-05,0.000698493,0.000853808,2.12E-07,4.60E-06
0.9938981,0.9909394,0.24606639,0.000241715,0.7999504,0.9999876,0.9989945,0.9337054,0.70162857,0.9994361,0.9502397
0.000322177,0.15151149,2.25E-06,0.2209812,2.67E-05,0.00362977,0.001782245,0.004552194,0.007543546,1.25E-05,0.000440652
0.000139245,1.93E-05,2.86E-06,2.50E-05,2.31E-05,2.10E-05,0.001272339,0.004310456,0.001789344,6.06E-07,0.000219179
1.81E-05,3.37E-09,1.83E-06,8.86E-09,2.24E-06,5.21E-05,4.38E-06,1.01E-05,0.005349669,2.72E-07,0.004947702
0.99998236,0.000704381,0.9957991,0.79047215,0.86971515,0.9999634,0.96229625,0.7253405,0.995443,0.99999964,0.9981675
0.5240728,0.9998566,2.15E-05,0.14065096,2.63E-05,0.9998161,0.23220217,0.99669826,0.99055934,0.9998983,0.34074065
0.9911606,0.03238969,0.01787123,0.000353972,0.98637307,0.00056583,0.00823731,0.7984208,0.08907611,0.001071572,0.9992242
0.4069983,0.005239674,0.99991083,8.88E-07,0.9955734,0.88023907,0.9999827,0.004211087,0.005003241,0.9950754,0.95774317
1.17E-05,3.64E-09,3.73E-10,0.022162221,2.10E-07,8.93E-06,0.000436195,0.070860066,5.40E-05,1.11E-07,5.30E-07
0.000118929,2.30E-08,6.00E-05,3.96E-06,3.17E-06,1.31E-05,4.05E-05,0.002170786,0.012838655,1.85E-08,1.12E-06
0.99999976,0.00020055,0.9999949,0.998086,0.99995923,0.9849835,0.99932456,0.9976803,0.03238145,0.9956499,0.0664044
0.000201967,0.98807424,1.68E-05,0.032976937,2.27E-06,0.000458543,1.36E-06,0.056964345,0.022344975,2.00E-05,0.083471484
0.06403705,9.78E-05,1.46E-05,0.001358014,0.9913129,0.99659073,0.970414,0.9962696,0.099113666,0.99977607,0.99469006
0.9998418,0.19350414,0.9937024,0.004884407,0.99933904,0.98307484,0.9992422,0.99818426,0.007254452,0.999907,0.97552663
0.000351583,2.82E-07,0.000217259,0.000177172,0.017806208,0.52343863,0.50975865,0.19641647,0.6392314,1.83E-07,0.29055804
0.9998399,2.25E-05,0.9999999,0.52013105,0.9997718,0.9989992,0.98805726,0.010369957,0.9454475,2.21E-05,0.97737175
0.001144015,0.19842374,3.78E-10,1.44E-06,9.64E-06,0.026026849,3.90E-05,0.000239804,0.003130452,1.98E-07,2.83E-06
0.000855524,0.015457869,0.07759781,0.00024999,5.28E-05,0.04004793,3.66E-06,0.007940019,0.17990555,0.00013958,3.07E-05
0.49610573,0.9994455,0.044410538,0.9369704,0.9759512,0.86418045,0.9993691,0.97862965,0.9909486,0.000171008,0.62437433
0.9997205,0.9998642,0.9999118,0.099854805,0.24170756,0.9784394,0.9530324,0.92488855,0.9988682,0.000286631,0.000309839
6.29E-05,7.75E-07,0.04396058,3.20E-06,0.000552358,0.998744,0.011096214,9.76E-05,0.01868095,9.69E-06,0.071729
0.9999685,1.19E-11,1,0.00023825,0.99999356,0.997729,0.9999609,0.004030908,0.9876017,0.99998987,0.95923173
0.015227241,0.9948651,5.90E-07,0.97135454,0.3119745,0.63343334,6.86E-05,0.9885622,0.9917892,8.47E-06,3.87E-05
0.9999945,0.99999964,0.99999213,0.999238,0.9999435,0.9998142,0.9993211,0.33062404,0.9945956,0.99999905,0.99990094
1.27E-05,3.82E-11,3.17E-10,3.40E-07,2.68E-07,9.35E-06,2.28E-05,2.47E-05,0.001086106,8.09E-08,2.69E-06
2.97E-05,0.016630678,0.32448083,7.83E-05,0.8205436,0.87056863,2.28E-05,0.054080635,0.029197564,0.014730233,0.70610505
0.003335857,1.65E-07,0.3855935,0.041164838,0.41386107,0.000797554,0.003177922,7.71E-05,0.003362075,2.53E-07,9.04E-07
0.9999418,0.000894198,0.99999976,9.58E-06,0.036455683,0.9989196,0.9997098,0.33725128,0.94927377,0.9999465,0.80384815
6.24E-05,1.65E-05,1.51E-09,5.50E-07,2.59E-05,0.000804333,0.003605595,0.000106126,0.001063627,8.85E-10,0.000311001
1.73E-05,5.77E-10,6.74E-07,2.18E-05,5.48E-05,0.016592268,0.00013525,0.06293624,0.002711864,1.66E-09,3.90E-07
3.40E-05,8.17E-07,8.21E-09,4.12E-07,0.22552714,0.000116311,7.57E-05,0.06832084,0.000295981,0.018790154,1.51E-05
2.28E-05,3.36E-05,5.16E-10,5.07E-05,1.69E-06,0.17550951,0.000166325,0.02582077,0.6223521,4.96E-05,2.70E-05
0.9999882,0.60953385,1,0.9998286,0.99990535,0.99990773,0.9999987,0.9979836,0.9999759,0.9999962,0.9993857
1,0.9999906,0.9999999,0.9999975,0.9958722,0.9998591,0.9998896,0.9998863,0.98564655,0.99999917,0.9991627
0.000192179,2.98E-05,1,0.036720257,0.34581172,0.98523533,0.000178904,0.000757883,0.32625926,0.001668217,0.54455477
0.003811109,8.58E-06,0.000122675,0.97040164,0.024691075,8.93E-05,0.023003178,0.01041997,0.28003544,6.35E-07,0.012174643
0.90835375,0.6430802,0.100502715,0.000560759,0.00170092,0.98676366,0.50839037,0.00608341,0.9388159,0.9997987,0.08156743
0.99999976,0.99148726,0.99986625,0.9987005,0.99657226,0.99997306,0.78595996,0.9985738,0.9998417,0.99998033,0.9997353
0.000496746,1.17E-06,4.28E-07,0.071457915,0.31213874,0.008943765,0.023868576,6.99E-05,0.004150582,0.00236936,2.02E-06
0.357245,1.25E-06,2.08E-06,3.64E-07,0.000322874,0.9249605,0.00664872,0.30895707,0.8188565,7.41E-05,0.6785968
0.001609419,0.000145822,6.30E-09,0.24178046,3.26E-05,6.11E-05,0.005318192,0.908328,0.006156568,6.70E-06,0.09125181
0.91325104,4.72E-05,0.96482587,0.94178903,0.46671736,0.9963862,0.82643217,0.99721754,0.93429095,0.6444096,0.99782336
0.006572276,0.000526814,9.25E-06,8.09E-05,3.11E-06,0.000435152,0.000123958,0.20601954,0.042824905,0.016135499,0.043872822
3.25E-06,1.61E-06,4.79E-09,0.015570412,2.53E-05,0.000241126,4.69E-05,0.00040882,0.006109211,6.62E-07,3.28E-05
0.9999993,0.86734706,0.9999999,0.99924326,0.99992716,0.99998,0.9999474,0.9957306,0.99527246,0.9999647,0.9989322
0.004711522,2.78E-08,1.33E-05,1.23E-06,2.03E-06,0.002377039,4.29E-05,3.74E-05,3.46E-05,2.92E-06,3.71E-05
1.14E-05,0.12037754,6.51E-09,0.000514474,1.73E-05,0.000147788,3.93E-06,0.000374659,0.000273061,2.38E-09,8.01E-05
0.9999255,0.9999844,0.04204765,0.99911624,0.5681431,0.62651736,0.9980774,0.99652845,0.9149812,0.99867505,0.9980653
0.00029234,8.95E-05,1.86E-06,1.04E-06,0.000108977,4.87E-05,1.19E-05,0.000123339,0.002561246,3.39E-05,1.75E-05
3.24E-05,0.000295749,1.07E-09,2.18E-09,0.74616116,0.012552413,0.000934558,7.30E-05,0.022997579,4.69E-09,0.07969249
0.42627302,1.13E-07,0.92421514,0.001414792,0.8814493,0.4672249,0.003590631,0.000686901,0.98798287,0.75965315,0.99919134
0.9999999,0.99937207,1,0.9961224,0.9999871,0.99999785,0.99999905,0.9999144,0.992392,0.99993885,0.9998869
0.9999949,0.001048596,0.99998605,0.9871041,0.70724976,0.99979144,0.9999449,0.9747687,0.9998056,0.9999691,0.7601297
1,1,0.99996424,0.9999919,0.9996061,0.9999031,0.9998846,0.99976724,0.99720275,0.99998903,0.9998772
0.9999993,0.9999994,0.57762975,0.9999918,0.8741804,0.9995827,0.9970799,0.9987148,0.99618524,0.99996996,0.99576014
0.09680157,0.000391792,0.009169657,0.014402453,0.9254077,0.27223405,0.000690607,0.99065644,0.37114164,4.81E-05,0.99934477
4.39E-07,1.79E-07,3.52E-05,3.23E-05,0.009300641,4.30E-06,1.53E-05,0.015780332,0.008977411,1.62E-08,1.42E-05
0.9987239,0.99982566,3.93E-10,0.99855775,1.13E-05,0.72449404,0.00163616,0.99969244,0.009761142,0.9991629,0.005415194
1,0.9999933,0.99911016,0.9999944,0.9977502,0.9990263,0.99872965,0.99964654,0.9852989,0.99999976,0.9999471
1.23E-05,0.072861776,1.07E-09,0.003996672,1.37E-05,0.00710335,0.001182155,0.3030949,0.0011176,0.027311657,0.001407702
0.9783247,0.9999956,0.9999318,0.9996125,0.7594152,0.99901485,0.003959212,0.9951558,0.9634966,3.22E-06,0.6739861
0.8316993,0.000223995,5.32E-06,5.77E-07,0.000149959,0.034676388,0.000990784,0.004216755,0.034476213,0.08777887,0.000234963
0.9992829,0.9999969,0.9997453,0.9998398,0.9994374,0.9999398,0.99918944,0.99463755,0.99939525,5.21E-06,0.95431
9.19E-05,3.27E-08,5.50E-10,0.000135418,1.15E-05,2.20E-05,0.000104524,0.000554307,0.000101453,2.92E-07,1.59E-05
0.000857561,0.000486751,0.000104222,0.013426473,0.8457748,5.02E-05,0.006274402,0.9304437,0.001484217,0.004338539,0.000456342
1,2.61E-06,0.99999976,0.000718535,0.99992955,0.9940481,0.999759,0.000224287,0.99831414,0.9999989,0.9962374
0.99996305,0.9347297,0.99955684,0.9784546,0.98307955,0.9410091,0.9999298,0.9971258,0.9941654,0.99999976,0.99910307
0.99999547,0.001741279,0.99999595,0.044160724,0.99913424,0.68058646,0.9999956,0.10962894,0.9994696,0.999485,0.96743715
6.85E-05,0.007576983,4.31E-08,1.11E-05,1.72E-06,3.39E-06,1.46E-06,0.4328996,2.58E-05,2.37E-06,0.17997684
0.040499676,0.001260795,3.03E-08,6.05E-06,0.001554087,0.009612343,0.000119254,0.08746044,0.005840781,0.000143052,0.93796504
7.12E-06,8.16E-05,1.90E-07,1.91E-09,2.92E-06,0.001024285,9.49E-07,0.000314857,0.004106659,1.31E-07,2.11E-05
4.81E-05,0.000780872,2.10E-08,0.001262637,4.95E-07,0.000898407,0.000232503,0.010402471,0.06267716,3.39E-06,0.000920378
4.90E-05,1.71E-10,5.99E-08,7.27E-05,3.81E-07,3.20E-05,4.36E-05,2.33E-05,0.00026066,9.26E-07,0.0137989
0.009456944,0.83099467,3.22E-06,0.000978907,0.012037766,0.002080014,0.016392464,0.99487287,0.77278394,0.005610614,0.000339358
4.16E-05,1.51E-08,2.67E-06,7.50E-07,0.000325422,0.000621056,1.27E-06,0.0002034,0.001145937,2.41E-10,2.10E-05
4.13E-06,1.31E-08,3.57E-07,0.65015507,0.26373604,0.003936688,0.003140742,0.001939177,0.000670231,1.36E-05,3.26E-06
0.9967438,0.99995136,0.9999249,0.96460176,0.032893922,0.23882177,0.9999505,0.9991061,0.94397527,0.9950421,0.9980381
0.000785904,0.051627483,5.48E-05,8.18E-05,0.9987668,0.091717534,0.003364213,0.9940653,0.04823811,1.05E-07,0.003708195
0.9984047,0.9999988,0.9995197,0.35590887,0.9996419,0.96800184,0.99955267,0.48709536,0.17980903,0.9999845,0.98324674
5.11E-06,1.40E-05,5.00E-09,0.30085436,3.58E-05,0.002424392,0.012987606,4.86E-06,0.000976945,0.003523703,0.000221805
1.64E-05,1.85E-05,1.02E-07,7.07E-07,2.13E-06,1.12E-05,2.25E-07,0.000140767,8.15E-05,8.54E-12,0.001016852
0.31583554,0.99999475,0.7363741,0.99999964,0.12379383,0.03913565,0.18479314,0.99999905,0.9484001,0.000132495,0.019042874
0.000115777,0.000299313,0.017819865,0.002794334,0.6232678,0.001650517,0.023843588,0.005448112,0.06754468,0.06311868,0.9381919
3.21E-05,4.14E-07,8.70E-07,2.21E-05,0.002490094,0.000271134,1.11E-05,0.023959637,0.992288,3.18E-06,0.000159783
1,2.25E-05,1,0.02010358,0.99988663,0.80220956,0.9999789,0.020802775,0.9853103,1,0.99800426
9.77E-05,0.22796379,4.25E-11,0.000207945,1.70E-06,0.057712197,4.84E-05,0.94543207,0.001242634,3.01E-09,0.002303642
0.999913,5.33E-08,0.97395205,0.000345049,0.98829645,0.9987564,0.9998227,0.044821776,0.99353254,0.99996424,0.000160941
3.42E-05,4.69E-09,0.000201375,2.85E-06,8.23E-05,0.004114081,5.97E-05,0.005810909,0.02631766,0.99954766,0.001300994
0.9994966,0.9977475,0.001227772,0.99999964,0.20430219,0.028547835,0.4975813,0.9999994,0.8767509,3.16E-05,0.005032072
0.007505993,3.08E-05,1.17E-05,2.66E-07,0.8770055,0.43580273,0.7440997,0.67550564,0.3534308,1.35E-08,7.58E-05
5.56E-05,0.001335676,3.94E-11,0.001280629,8.57E-05,0.000529196,0.000113896,0.000143343,0.04659506,6.36E-07,0.837912
0.14367037,0.3226058,0.000179372,0.9990201,0.000234664,0.34012422,0.000238107,0.48822758,0.007478899,8.37E-06,0.9313555
0.9999987,0.99993205,1,0.99996006,0.9996691,0.88032377,0.9999114,0.99941695,0.9997806,0.9980641,0.9625215
1,0.9999987,1,0.99999857,0.9959579,0.99999416,0.9998349,0.99949694,0.99992025,0.9999993,0.9989728
0.99951124,0.99999905,0.04802712,0.21903299,0.01449118,0.9978867,9.58E-05,0.78326505,0.9982652,0.001970415,0.13009097
0.000194038,1.46E-07,2.80E-09,2.41E-05,1.76E-05,0.002770875,2.44E-05,2.39E-05,0.010960016,1.66E-06,8.11E-07
0.04752679,7.28E-05,2.17E-06,0.000312033,0.000187517,0.000692088,3.25E-05,0.010426035,0.002970198,0.00011765,0.2474724
0.99999964,0.9997249,0.99994266,0.9991536,0.9999802,0.99991167,0.99985933,0.99816906,0.9958651,0.99982613,0.9975556
0.001549616,7.14E-07,0.055389192,0.30689865,0.3391338,4.80E-05,0.99741083,0.005398871,0.022101646,0.000520827,0.000157364
0.021458646,2.33E-07,0.026389506,2.57E-05,0.00097184,0.9977316,0.000257302,0.000300977,0.003440461,0.016646212,0.025647305
0.001896424,0.1898104,5.89E-06,0.17920238,0.000572426,0.020033024,0.2114578,0.009479806,0.7435602,2.34E-07,0.13271897
0.13791011,0.011020896,2.05E-05,0.839945,5.86E-05,0.000872994,0.37614724,0.23595531,0.004031947,2.79E-05,0.01468972
0.000288872,5.92E-07,2.25E-10,0.6107952,8.65E-06,3.46E-05,0.008203184,0.31248167,0.001661716,2.48E-09,9.93E-06
0.99500567,2.28E-07,0.99993455,0.000400227,0.9997739,0.9623316,0.99895597,0.95511067,0.99616516,0.9998981,0.80280674
0.000224371,5.82E-07,3.31E-07,2.09E-08,0.000297554,0.000153069,7.91E-06,0.002931291,0.002751399,6.64E-07,6.59E-07
0.99999857,0.9999691,1,0.987306,0.9998411,0.9971054,0.9999949,0.6855158,0.9999466,0.9999987,0.99587643
6.54E-05,7.89E-06,9.19E-09,9.77E-05,2.19E-05,0.000340009,1.93E-05,8.69E-05,0.08949523,1.71E-08,0.000163655
0.00105345,2.29E-05,8.83E-07,5.57E-05,6.08E-06,0.17764013,2.08E-06,0.18479165,0.000795929,2.87E-09,1.53E-06
0.9999995,0.96627843,1,0.9956713,0.99999595,0.9959853,0.9995179,0.9982266,0.99948835,1,0.9999362
0.000497766,1.51E-06,5.58E-09,4.31E-08,0.000271073,0.000173061,0.001647462,0.030569097,0.000747493,2.98E-10,1.60E-06
0.9999995,0.99802184,1,0.7761428,0.9999993,1,0.99979836,0.99921715,0.9998191,0.99967456,0.99999905
6.97E-06,0.026192082,6.24E-08,0.548912,8.73E-08,6.49E-06,0.000230736,1.59E-05,1.27E-06,1.45E-07,2.61E-08
0.016981974,0.001071538,0.9999999,0.00294682,0.9999883,0.9999976,0.99096024,4.49E-05,0.99718887,0.00036827,0.9942427
2.09E-06,0.048722446,0.9648211,0.5321239,0.9904366,0.99996114,0.17340976,2.43E-05,0.99992085,0.061954856,3.12E-08
0.000137562,5.82E-05,0.00101726,0.000300651,0.007376495,0.003427282,0.006187473,0.000154539,7.90E-05,0.000726814,0.001013898
0.000116557,0.079610676,2.00E-07,0.000932097,7.83E-08,1.14E-07,0.001187741,7.27E-06,1.18E-05,2.25E-07,2.18E-09
8.75E-06,0.010163683,9.01E-05,0.06693913,3.76E-05,6.78E-06,0.00035235,0.000430264,0.000166147,1.30E-05,2.33E-06
5.84E-06,0.07087853,6.71E-14,6.49E-05,0.003572413,3.74E-06,0.000910365,0.000452496,3.73E-05,4.54E-05,3.64E-07
0.006316612,0.019836025,1.49E-09,0.000157766,2.75E-06,3.34E-07,0.000421226,0.01156143,2.16E-05,0.000197041,5.62E-07
4.97E-07,5.00E-05,1.67E-11,0.98212093,1.79E-06,6.42E-05,0.000110628,0.000818236,2.95E-06,0.009096648,1.50E-08
0.99999547,0.99750155,1,0.9991304,0.99998796,0.9999995,0.9985158,0.9993061,0.9999223,0.99999964,0.9999838
1.31E-05,4.62E-05,0.06983314,0.015716525,0.000296035,0.09188432,0.009564498,0.000395558,5.88E-05,0.01519445,5.02E-11
5.32E-07,0.09903898,7.05E-12,0.012298579,0.00126929,6.10E-06,0.000323429,3.77E-07,2.49E-05,3.02E-06,1.09E-09
8.49E-07,0.001682697,3.11E-12,0.000508848,7.72E-08,6.69E-07,0.000780742,6.06E-07,0.000115011,1.11E-06,3.49E-06
0.000115833,0.98348016,1.90E-12,0.5289965,4.24E-07,6.97E-05,0.000329347,0.9825303,0.00312573,1.54E-05,4.05E-08
0.9999987,0.99974054,1,0.75804925,0.9999989,0.9996158,0.9991874,0.9999738,0.9994795,0.9998,0.9999963
0.99955755,0.9999305,1,0.99306196,0.99891317,0.9989048,0.023510963,0.9999999,0.001141555,0.9992908,1
0.013622003,5.57E-05,0.9999995,0.000596095,0.8835051,0.000731761,0.99896634,8.06E-07,0.00022858,1.12E-06,1.41E-08
0.9996377,0.3364229,1,0.7554864,0.99982846,0.050072607,0.90727013,4.12E-05,0.000109265,0.99977726,1.65E-07
0.9999987,0.073662385,1,0.79628956,1,0.9999875,0.9993774,0.99998915,0.001887664,0.98465043,0.35282087
0.022733457,0.000901282,0.6954331,0.06602244,0.000909704,0.9999219,0.37162587,0.009969121,0.7074721,0.9993864,0.18953079
1.00E-06,0.014126292,0.011026376,0.003101016,3.13E-07,0.79949695,0.002653947,1.14E-06,7.28E-05,0.071270175,1.01E-07
0.031210799,0.042624805,0.022525473,0.6395115,0.99327856,0.000298291,0.69326603,0.7332193,0.99737775,0.651127,0.002566587
1.06E-05,0.000851411,0.27664387,0.040897943,0.000810187,0.13549852,0.22365277,1.02E-05,0.001381511,3.77E-05,0.06834982
0.9789979,0.5347341,1.75E-05,0.81414974,4.09E-06,0.9999943,0.002490727,0.97634697,0.8419002,5.66E-05,0.9998171
1,0.999918,1,0.99982774,0.9999933,0.99999225,0.9995727,0.9999926,0.9997347,0.99999964,1
0.000330157,0.000254429,0.99999785,6.79E-05,0.9999964,0.010498519,0.38556743,4.80E-07,0.08591581,2.84E-05,7.39E-11
3.10E-06,0.91106653,9.83E-09,0.9883265,0.9902918,0.009111553,0.00808706,0.002720721,0.002695874,0.000493219,0.9900893
4.47E-06,0.006874467,1.34E-06,0.1232421,5.20E-06,0.011957746,0.000557099,0.6374158,6.21E-05,1.04E-05,5.96E-07
3.96E-08,3.93E-05,7.06E-12,0.00376575,4.41E-06,1.20E-05,0.000186023,7.69E-06,1.69E-05,2.10E-06,0.004405878
2.04E-07,2.23E-05,2.30E-13,0.26025885,4.17E-08,8.32E-07,0.000345154,0.8557158,0.002083408,2.48E-06,2.23E-09
0.99997246,0.99929166,0.9999999,0.99936765,0.99996674,0.998645,0.99933904,0.99881554,0.9999924,0.99998426,1
0.8311846,0.9939912,0.9192416,0.36663765,0.426214,0.000160969,0.004295015,0.99993396,3.32E-06,8.73E-06,9.83E-07
0.99998593,0.9442948,0.99999857,0.9753897,0.99856985,0.5055892,0.06696688,0.9995364,0.9993962,0.94807166,0.9999974
1.58E-07,0.7005938,0.99999774,0.36905703,0.99526286,4.72E-05,0.33931825,2.56E-06,0.7873142,9.27E-06,3.18E-09
1.28E-08,8.10E-07,8.30E-15,0.000298356,1.02E-07,8.97E-07,0.000196134,5.14E-05,8.16E-05,1.88E-06,1.50E-11
0.000343673,0.000855812,7.58E-06,0.58888584,0.000109847,0.003917087,0.000338226,0.003375447,0.000136882,6.04E-07,8.19E-06
0.99999166,0.9999881,6.38E-11,0.9992342,0.9999788,6.72E-05,0.84631455,0.99999785,0.46798548,0.99997437,0.9999974
0.9800812,0.001324996,0.9997794,0.17131822,0.000175398,0.018660152,0.67573833,1.01E-05,0.11660608,0.9999534,0.002636819
3.17E-07,2.20E-06,0.00012263,0.00098424,5.30E-06,0.043784358,0.000380259,9.03E-07,0.9987728,7.84E-05,0.03705074
3.09E-06,0.9811373,0.9999981,0.06932743,0.99998593,0.000257943,0.011177705,0.9998305,0.005135017,5.72E-07,0.000171329
0.9999728,0.9839685,0.20511362,0.995741,0.9997565,0.99855655,0.9125509,0.9996388,0.99999857,0.99999976,0.9838943
0.96284133,0.000319335,1,0.3687625,3.44E-07,0.8946919,0.375905,0.6752411,0.12822281,0.99846774,0.9998653
0.09811873,0.24667002,5.70E-12,0.12097729,1,0.000397885,0.002578152,0.99900347,0.17252667,0.2790812,0.000114736
0.9995989,0.3329259,0.99864215,0.6122692,0.9999752,0.99999666,0.99419844,0.002022266,0.9990507,0.9995353,0.9999975
0.9991854,0.14783618,1,0.99042773,1,0.99990404,0.9983516,0.7673302,0.9980856,0.5111613,0.9999573
0.9977724,0.9732708,0.9999999,0.9129951,0.999925,0.89879864,0.77502924,0.98941046,0.9979943,0.7708641,0.1957846
0.000167745,0.000848062,3.20E-06,0.002970304,3.89E-06,9.06E-05,0.009862645,2.84E-07,0.010503904,3.48E-05,7.89E-08
0.101861835,0.7678493,1.07E-15,0.06660199,0.04027429,4.11E-08,0.001240687,5.86E-05,4.79E-05,0.9991041,0.8181916
0.9999975,0.99886227,0.000428174,0.99788,0.9999199,0.006840356,0.98419374,0.9970143,0.9981331,0.99852544,0.9998641
0.999485,0.54826236,1,0.9553404,0.24789359,9.98E-05,0.96996844,0.038131732,0.00724733,0.9988606,7.23E-08
2.04E-05,0.06380914,2.10E-06,0.014057877,9.22E-07,0.002525737,0.000521422,0.019213531,0.007804756,1.81E-05,0.814811
1.61E-06,1.46E-06,1.02E-11,0.00026538,1.94E-08,0.000481677,0.002992476,3.52E-07,4.15E-06,2.46E-05,1.11E-06
0.99999964,0.56970704,0.99911684,0.5329853,1,0.9989304,0.8994054,0.9998957,0.99999404,0.999998,1
0.99992836,0.9442335,1,0.005549464,0.99992824,0.801769,0.96370834,0.000607945,0.9770487,0.7428408,0.9998894
0.008776135,0.22009306,2.78E-06,0.5940791,0.003040893,0.17412622,0.000778739,7.88E-06,0.016763618,0.99981874,1.69E-05
0.9983077,0.99991226,0.99999976,0.9988427,0.9999988,0.9997955,0.8445077,0.9999838,0.99999976,0.9989542,0.99999034
0.03439939,0.002362091,0.000349724,0.023655605,0.031202609,2.65E-06,0.15381043,0.003720175,0.004035457,0.90984905,0.9883483
0.7660979,0.998059,0.000487224,0.012676708,0.9999901,0.000254484,0.9906955,0.94850695,0.1190465,0.9797064,8.55E-05
0.000737208,0.002234612,1.57E-06,0.9207285,8.25E-07,1.72E-05,0.003809102,0.055655956,0.000180187,8.18E-06,1.75E-08
4.60E-05,0.004355886,4.78E-08,0.033537127,1.87E-07,0.001403104,0.001711923,1.04E-05,0.021215731,0.000477497,0.0002644
2.09E-07,0.07949029,3.86E-16,0.16382721,0.001267314,5.96E-08,0.002151082,0.98599756,0.000105986,8.20E-06,6.10E-11
0.55347836,0.9934111,3.07E-12,0.98400015,3.08E-05,0.001574965,0.018731752,0.13640575,0.005732581,0.000177771,0.000167259
4.29E-07,0.000187915,0.000153663,0.002644121,2.58E-06,0.000291743,0.003337578,0.000607746,0.14518732,4.55E-08,0.000211534
2.89E-08,0.000100843,1.60E-10,0.029107584,5.19E-07,2.80E-05,0.000117371,1.25E-08,0.98919964,6.31E-05,1.01E-11
0.07907802,1.70E-05,1.58E-07,0.000122403,3.46E-06,0.22157677,0.00014282,0.93199587,0.001256346,0.000182557,0.001582477
0.99730825,0.48038468,0.99991107,0.7687247,0.9999945,0.9996171,0.36455867,0.99975175,0.90009934,0.00203646,7.17E-06
6.78E-08,6.12E-05,2.99E-12,0.000163927,2.99E-07,5.17E-08,0.000131321,5.31E-07,1.55E-06,6.69E-06,9.29E-09
0.10706989,0.004619893,2.89E-07,0.17810342,7.03E-07,0.002062287,0.000621929,0.033702187,0.28917307,1.19E-07,5.32E-08
0.000305152,0.005631893,0.9186352,0.000996349,0.000162203,7.36E-05,0.00072651,6.13E-06,2.52E-06,3.22E-08,3.00E-08
9.71E-06,0.000106218,3.88E-07,0.031693447,0.000102133,1.40E-06,0.000476943,0.5908759,2.05E-05,1.26E-06,7.36E-09
0.9992969,0.9937355,1.00E-07,0.06488998,4.77E-06,4.74E-06,0.028191801,0.000830836,7.19E-05,0.1315371,0.45919746
0.98386467,0.96075803,2.58E-10,0.10826324,2.18E-06,0.99999976,0.073329374,0.999783,0.16760133,0.94070417,3.59E-05
0.9999099,0.001407389,0.5123602,0.028899785,0.9999895,0.99472976,0.3249737,0.9915978,0.76815844,0.9645595,0.81672674
0.000332975,0.21108931,5.35E-10,0.33840653,1.27E-05,0.000143704,0.000113065,0.004894255,0.000421416,7.65E-05,0.07640353
5.14E-06,0.4547787,5.97E-06,0.23413867,1.73E-06,0.08783173,0.000283108,0.096218966,5.37E-05,1.46E-06,6.85E-07
3.64E-06,0.70076954,0.002386642,0.9233236,0.023393773,0.10145389,0.000968911,0.20629281,0.9998747,0.000243229,0.21277192
5.06E-05,0.000601299,0.99999774,0.008930253,0.000715507,0.06694705,0.16104837,0.000121781,0.189957,0.15863329,0.127398
0.000117456,0.001421886,2.03E-08,0.10098854,1.00E-05,0.999726,0.001173784,0.00970579,0.779687,8.00E-07,0.98321366
0.9654129,0.99974877,1.18E-09,0.9997073,0.9372565,0.12359695,0.26673076,0.9996038,0.93194973,0.9999635,1
0.99993694,0.9959513,1,0.9996244,1,0.9999871,0.99915755,0.9999287,0.999749,0.999992,1
6.54E-07,0.003597168,4.14E-10,0.014983222,2.39E-06,3.49E-06,0.000141804,2.30E-05,0.00116001,0.99795157,7.31E-10
0.7394848,0.003243602,0.99989796,0.120136745,0.9999999,0.85240924,0.99913895,2.08E-05,0.7526327,0.97057825,1.16E-07
0.9996321,0.99999595,0.000453728,0.99960154,0.16469364,0.9999988,0.9087659,0.9999877,0.9997509,0.9857686,0.9999857
0.67108196,0.999238,0.002413265,0.001917193,1.41E-05,2.62E-05,0.60299736,0.29610226,2.03E-05,0.000163175,0.00039129
0.9999932,0.96394444,5.71E-08,0.9955224,0.9999976,0.42194596,0.9996049,0.9523875,0.98611766,0.9999995,1
7.70E-05,0.003369032,0.010626972,0.001314954,4.43E-05,0.008386324,0.001317783,7.88E-08,8.56E-05,0.000112886,4.30E-08
1.28E-05,0.000521632,1.64E-08,0.009620677,1.23E-05,0.5702084,0.000149948,2.78E-07,0.04560985,1.89E-06,1.12E-07
0.99955624,0.9700078,1,0.37779734,0.999984,0.9999982,0.78341377,0.9873492,0.999995,0.99982184,1
0.99998796,0.002377795,0.99999976,0.15384787,0.9999982,0.99701536,0.9998259,0.006538169,0.9727585,0.9998747,0.5615515
0.01282748,0.02920635,0.9999217,0.9975165,0.27256948,0.99326754,0.5098219,0.001374397,0.00160906,0.8948509,0.99997985
8.16E-07,0.9980934,1.49E-16,0.005110244,0.000226978,1.39E-05,0.001526096,0.11541063,9.43E-05,8.18E-06,3.34E-08
0.99999475,0.9824181,0.9995876,0.9856038,0.6644294,0.99961555,0.8255398,0.999977,0.9998024,0.999967,7.33E-05
1.74E-08,2.02E-06,8.85E-10,0.000174183,1.10E-08,4.47E-05,7.96E-05,0.061260264,7.20E-05,8.13E-08,1.42E-10
1.87E-07,1.50E-05,2.88E-12,0.005581142,3.98E-07,6.77E-07,0.001582855,8.22E-07,1.33E-06,3.71E-06,3.69E-12
6.62E-06,0.006120426,7.50E-08,0.022800565,8.84E-05,1.57E-05,0.000397962,0.000737193,2.13E-05,2.19E-07,6.76E-06
0.9999846,0.9418445,1,0.99667895,0.99998474,0.99999964,0.99423605,0.34065038,0.9999974,0.99923027,0.99891996
0.001269605,1.66E-05,1.48E-08,0.011298487,0.000412524,0.000113913,0.000661633,0.001337328,0.000191252,0.025823306,0.99999845
2.09E-08,0.000280427,1.55E-14,0.002155979,6.52E-09,3.82E-07,8.83E-05,3.73E-06,4.42E-06,4.52E-07,2.52E-11
1.54E-05,0.3445863,3.20E-08,6.69E-05,0.002738396,5.95E-06,0.000130098,0.001645635,0.004936327,2.17E-06,1.42E-06
9.09E-08,0.000290534,2.14E-08,0.01925444,1.66E-05,6.57E-06,0.000431882,0.6812641,3.07E-05,2.16E-05,1.60E-09
0.000723511,0.004477921,0.010346661,0.4733324,8.10E-05,0.000608719,0.000626495,0.99150896,0.000182448,1.30E-07,0.000152427
0.99999964,0.99981934,0.001228809,0.9976926,0.9999442,0.030799959,0.99907947,0.99999845,0.9993118,0.9999999,1
0.99999607,0.9939697,1,0.99906904,1,0.99966145,0.999353,0.9191862,0.99987483,0.99992967,0.9999089
0.18185301,0.001086,7.95E-15,0.01708153,1.45E-05,1.97E-05,0.000293983,0.004920852,0.001116236,0.000118087,1.39E-10
5.80E-07,0.009257087,4.02E-11,0.02307226,0.018549874,8.89E-10,0.032609377,5.71E-06,7.55E-07,3.78E-05,3.24E-08
1.11E-06,0.038567293,2.50E-11,0.000392362,8.98E-10,8.92E-06,0.000824111,0.013387948,8.10E-06,5.62E-08,5.02E-05
0.94620734,0.9864385,0.98526543,9.71E-06,0.7373931,0.8980895,0.0001846,0.9292765,0.001613005,2.24E-06,0.93416715
0.99989164,0.648429,1,0.994099,1,0.9997681,0.99723864,0.001416139,0.999759,0.99985015,1
0.25054136,0.9986089,0.051753867,0.9914323,0.95491517,0.063319646,0.37511107,0.052694924,0.037919946,0.99997044,0.9999994
0.9982987,0.000552722,1,0.8187696,0.96781254,0.9999167,0.9983841,8.95E-06,0.70866936,0.24584024,0.9473881
1.17E-06,1.03E-06,1.74E-15,0.055485994,1.04E-07,2.83E-10,0.000127188,0.000346905,1.78E-05,6.67E-07,2.49E-05
2.90E-06,2.89E-05,1.70E-10,0.000129471,1.25E-07,5.11E-10,6.48E-05,4.85E-08,2.08E-05,6.82E-05,2.67E-10
6.24E-07,0.39616078,1.39E-10,0.015817478,1.23E-05,0.019065702,0.000180912,4.73E-08,0.077025436,6.19E-05,1.46E-10
4.42E-05,0.002355819,1.41E-05,0.00058749,2.06E-05,2.04E-05,0.003633244,0.000888835,0.003171309,2.13E-06,9.24E-10
1.57E-07,0.115534134,1.27E-10,0.92435354,0.000788607,0.000310412,0.96102285,7.86E-07,0.00094049,0.007778718,1.33E-08
0.73756146,0.000241491,0.99999976,0.000582262,0.86973834,0.000110855,0.9875832,0.000159045,0.000269261,0.990576,5.54E-09
0.9999871,8.15E-05,1,0.006712486,0.99998796,0.99989164,0.9551709,0.000601392,0.9864948,0.99847263,0.000630884
1.35E-05,0.002340843,0.92647064,0.95515287,0.042701792,0.016243253,0.030677667,9.47E-05,0.9943499,2.95E-07,6.51E-05
0.98699784,4.16E-05,1,0.72508895,0.99999964,0.002277298,0.8576386,0.6540566,0.30002978,0.82886845,7.36E-05
0.004176277,0.84745735,1.36E-09,0.9970607,0.000201168,2.86E-05,0.010539483,0.11656647,1.45E-05,0.2930827,0.1263604
0.10595356,0.9921307,0.57478,0.90257436,9.81E-05,0.001097713,0.113401964,0.000150694,2.70E-05,4.46E-06,0.000294829
9.77E-06,0.000150542,2.01E-11,0.000803433,9.46E-07,1.26E-05,0.000122645,9.69E-06,0.000121122,0.008526611,7.51E-10
5.69E-07,0.000131244,2.00E-15,0.001086495,1.49E-08,8.33E-07,0.000717512,4.05E-05,2.47E-05,5.08E-06,2.25E-10
7.31E-07,0.000451074,0.9850182,0.00153973,6.65E-06,0.022556707,0.000560531,3.07E-05,0.83805835,1.69E-07,8.80E-10
0.99996364,0.99900776,1,0.99800164,0.99999976,1,0.9995364,0.9997838,0.9999944,0.999995,0.5727907
0.001250592,0.000774282,0.000134031,0.00087821,0.99991417,0.002973097,0.5972301,0.8584127,0.01334361,0.9998777,0.9999958
5.93E-07,2.52E-06,1.06E-09,1.30E-05,6.54E-05,1.65E-06,9.68E-05,4.75E-08,1.50E-05,6.69E-08,2.03E-10
0.9999994,0.93844175,0.99999523,0.46984652,0.9998741,0.9998472,0.9998134,0.9996567,0.9993087,0.99999964,1
7.61E-05,0.000307083,9.10E-09,0.002794938,1.71E-07,1.66E-07,0.000873267,0.002804632,3.19E-05,7.79E-07,0.001085503
2.01E-06,0.000258782,3.71E-11,0.002178402,2.89E-08,1.85E-09,0.000216485,0.000152929,0.000417412,2.34E-05,1.13E-06
0.008995599,0.000721528,0.2930658,0.000824375,0.009434266,7.58E-05,0.049402747,0.000237045,0.001135659,4.66E-05,1.72E-07
0.9999976,0.9861485,1,0.9875931,0.9999999,0.999716,0.9995691,0.48795137,0.9999825,0.9979138,0.99999964
0.000134492,0.11546855,3.93E-08,0.20226108,0.000528539,0.014730814,0.004520369,0.9613426,0.003226563,0.043985285,0.95447946
0.9999999,0.99828607,0.9999062,0.99845254,0.7772532,0.99997437,0.99961734,0.9916155,0.9998815,0.99985695,0.9987923
0.5600432,0.9998204,8.77E-06,0.9686318,0.000107084,1.92E-05,7.61E-05,0.9985941,0.000113264,0.9791341,0.19433506
0.9999472,0.99901974,0.002571208,0.999111,0.99998116,0.5489725,0.04040282,0.5148297,0.9317493,0.000281873,0.26549816
0.9992387,0.014865562,0.9999491,0.99660337,0.99999833,0.99991035,0.9932423,0.9999809,0.9999641,0.99875736,0.76717997
5.37E-07,0.33169264,5.84E-10,0.005609611,0.000765039,1.40E-05,0.000196793,0.8365623,2.07E-06,6.02E-05,0.07683309
0.99999857,0.036571566,1,0.8298197,0.9870695,0.9999902,0.99769104,0.39578697,0.98982775,0.9999745,0.99993396
0.00023269,0.021765392,2.38E-07,0.15942656,9.50E-07,6.74E-08,0.00251076,0.000378812,0.000156678,2.68E-08,4.48E-05
0.9999994,0.9994642,1,0.99143934,0.9984478,0.9998765,0.21179833,0.9999682,0.99999607,0.6253507,0.99999964
0.862662,0.66714066,1,0.015901824,0.99994576,0.32362434,0.99846625,0.9829192,0.9589417,0.008941132,0.9999969
3.77E-06,0.001072842,1.75E-07,0.042858955,7.38E-05,0.000459013,0.000219577,0.07031039,0.006002808,6.58E-05,2.00E-09
1.40E-05,0.7582248,2.00E-08,0.010028435,3.53E-07,2.15E-07,0.0386991,0.026213238,0.000112737,2.46E-05,0.10154432
0.9910788,0.001876213,0.7315717,0.005474293,0.04555702,0.96707404,0.006759954,0.085173264,0.38439718,0.018018188,5.21E-08
0.9995467,0.999038,5.57E-06,0.35645628,0.9977608,0.99996054,0.004065283,0.25016528,0.9998405,0.97162646,0.9999994
0.9881352,0.000239686,0.9999722,0.11687017,0.9999821,0.9790066,0.997271,1.66E-05,0.6438145,0.018457139,3.94E-05
0.9999999,0.9999943,1,0.9997491,1,0.9999999,0.9994259,0.99999964,0.9999988,0.99999595,1
4.61E-06,0.5941865,1.84E-08,0.036239896,0.7120345,0.001954412,0.004873368,0.000123923,0.001625554,0.9899394,1.98E-07
1.80E-06,0.003143493,1.81E-12,0.8807163,5.60E-08,0.001009217,0.001050842,0.000111833,0.004441326,6.99E-06,2.15E-07
0.99999964,0.9996276,1,0.93982726,0.99999976,0.9993106,0.9991393,0.9899138,0.9807451,0.99999905,1
5.23E-05,2.85E-05,2.66E-13,0.000402492,6.12E-05,1.21E-06,8.14E-05,2.94E-07,0.000393562,1.64E-08,0.00648519
